month,room,samples,alerts,actions,excursion_pct
2026-01,CR-101,80,0,0,0.0
2026-01,CR-102,80,1,0,1.25
2026-01,CR-201,80,2,0,2.5
2026-01,CR-202,80,6,0,7.5
2026-01,Gowning,60,0,0,0.0
2026-02,CR-101,80,0,0,0.0
2026-02,CR-102,80,4,0,5.0
2026-02,CR-201,80,2,0,2.5
2026-02,CR-202,80,9,0,11.25
2026-02,Gowning,60,3,0,5.0
2026-03,CR-101,88,3,0,3.41
2026-03,CR-102,88,5,0,5.68
2026-03,CR-201,88,1,0,1.14
2026-03,CR-202,88,1,0,1.14
2026-03,Gowning,66,2,0,3.03
2026-04,CR-101,88,0,0,0.0
2026-04,CR-102,88,2,0,2.27
2026-04,CR-201,88,3,0,3.41
2026-04,CR-202,88,3,0,3.41
2026-04,Gowning,66,2,0,3.03
2026-05,CR-101,84,0,0,0.0
2026-05,CR-102,84,3,0,3.57
2026-05,CR-201,84,0,0,0.0
2026-05,CR-202,84,1,0,1.19
2026-05,Gowning,63,4,0,6.35
2026-06,CR-101,88,0,0,0.0
2026-06,CR-102,88,1,0,1.14
2026-06,CR-201,88,5,0,5.68
2026-06,CR-202,88,6,0,6.82
2026-06,Gowning,66,3,0,4.55
2026-07,CR-101,92,3,0,3.26
2026-07,CR-102,92,4,0,4.35
2026-07,CR-201,92,8,0,8.7
2026-07,CR-202,92,15,0,16.3
2026-07,Gowning,69,5,0,7.25
2026-08,CR-101,84,0,0,0.0
2026-08,CR-102,84,1,0,1.19
2026-08,CR-201,84,4,0,4.76
2026-08,CR-202,84,12,0,14.29
2026-08,Gowning,63,7,0,11.11
2026-09,CR-101,76,3,0,3.95
2026-09,CR-102,76,2,0,2.63
2026-09,CR-201,76,4,0,5.26
2026-09,CR-202,76,2,0,2.63
2026-09,Gowning,57,4,0,7.02
