room,sample_type,sample_date,excursions_in_14_days
CR-202,Surface contact,2026-02-10,3
CR-102,Compressed air,2026-02-26,3
Gowning,Personnel glove,2026-03-02,3
Gowning,Personnel glove,2026-05-12,3
CR-202,Surface contact,2026-07-09,3
CR-202,Personnel glove,2026-07-09,3
CR-202,Surface contact,2026-07-13,4
CR-202,Personnel glove,2026-07-13,3
CR-202,Personnel glove,2026-07-15,4
CR-202,Personnel glove,2026-07-16,5
CR-201,Personnel glove,2026-07-21,3
CR-201,Personnel glove,2026-07-23,4
CR-202,Personnel glove,2026-07-23,4
CR-201,Personnel glove,2026-07-30,4
Gowning,Active air,2026-07-30,3
CR-202,Surface contact,2026-08-05,3
CR-202,Personnel glove,2026-08-07,3
CR-202,Surface contact,2026-08-10,3
CR-202,Personnel glove,2026-08-13,4
Gowning,Surface contact,2026-08-17,3
CR-202,Surface contact,2026-08-21,3
Gowning,Personnel glove,2026-09-23,3
