facility_group,community_area_no,community_area,inspections,fail_rate,complaint_share,fail_rank
All,46,South Chicago,603,0.398,0.1791,1
All,71,Auburn Gresham,969,0.3973,0.1734,2
All,68,Englewood,605,0.3802,0.162,3
All,14,Albany Park,1537,0.378,0.1262,4
All,34,Armour Square,1276,0.373,0.2625,5
All,26,West Garfield Park,389,0.3676,0.2211,6
All,45,Avalon Park,294,0.3673,0.2687,7
All,52,East Side,368,0.3533,0.1196,8
All,69,Greater Grand Crossing,988,0.3522,0.3239,9
All,44,Chatham,964,0.3517,0.3185,10
All,19,Belmont Cragin,1945,0.3414,0.1542,11
All,49,Roseland,809,0.3337,0.2311,12
All,20,Hermosa,427,0.3326,0.1686,13
All,53,West Pullman,397,0.3275,0.199,14
All,25,Austin,2041,0.3263,0.2077,15
All,23,Humboldt Park,1199,0.3219,0.1768,16
All,37,Fuller Park,178,0.3202,0.3034,17
All,67,West Englewood,610,0.3197,0.259,18
All,29,North Lawndale,849,0.3192,0.192,19
All,66,Chicago Lawn,920,0.3174,0.2196,20
All,73,Washington Heights,643,0.3157,0.2193,21
All,48,Calumet Heights,334,0.3084,0.2665,22
All,40,Washington Park,257,0.3074,0.323,23
All,51,South Deering,363,0.3058,0.303,24
All,50,Pullman,208,0.2981,0.1106,25
All,57,Archer Heights,476,0.2899,0.1324,26
All,22,Logan Square,2696,0.2886,0.1491,27
All,1,Rogers Park,1423,0.2881,0.1469,28
All,18,Montclare,269,0.2862,0.1264,29
All,75,Morgan Park,651,0.2857,0.2104,30
All,27,East Garfield Park,641,0.2855,0.0952,31
All,58,Brighton Park,875,0.2846,0.1486,32
All,61,New City,1136,0.2835,0.1778,33
All,30,South Lawndale,1658,0.2793,0.1369,34
All,2,West Ridge,1970,0.2787,0.1919,35
All,43,South Shore,1039,0.2782,0.2974,36
All,13,North Park,687,0.2766,0.1557,37
All,7,Lincoln Park,3034,0.2765,0.1674,38
All,31,Lower West Side,1929,0.2727,0.1555,39
All,55,Hegewisch,244,0.2705,0.1066,40
All,4,Lincoln Square,1695,0.2667,0.1316,41
All,63,Gage Park,896,0.2656,0.1518,42
All,77,Edgewater,1957,0.2606,0.1972,43
All,6,Lake View,4589,0.2602,0.1715,44
All,24,West Town,4336,0.2562,0.1665,45
All,60,Bridgeport,829,0.2533,0.1797,46
All,21,Avondale,1182,0.2496,0.1946,47
All,62,West Elsdon,389,0.2494,0.162,48
All,16,Irving Park,1321,0.2483,0.1461,49
All,33,Near South Side,1019,0.2463,0.209,50
All,3,Uptown,1993,0.2403,0.1826,51
All,42,Woodlawn,533,0.2402,0.2083,52
All,15,Portage Park,1593,0.2348,0.1381,53
All,65,West Lawn,862,0.232,0.1798,54
All,5,North Center,1375,0.2298,0.1302,55
All,35,Douglas,466,0.2296,0.3069,56
All,38,Grand Boulevard,627,0.2281,0.2153,57
All,72,Beverly,604,0.2268,0.1788,58
All,9,Edison Park,337,0.2255,0.0861,59
All,28,Near West Side,5379,0.2197,0.1718,60
All,11,Jefferson Park,574,0.2195,0.1551,61
All,12,Forest Glen,350,0.2171,0.0829,62
All,39,Kenwood,318,0.2138,0.3239,63
All,70,Ashburn,846,0.2128,0.1489,64
All,17,Dunning,948,0.212,0.1192,65
All,41,Hyde Park,1213,0.2086,0.2572,66
All,8,Near North Side,7460,0.2078,0.1619,67
All,74,Mount Greenwood,402,0.2065,0.1493,68
All,32,Loop,5566,0.2059,0.1427,69
All,10,Norwood Park,739,0.2016,0.1502,70
All,59,Mckinley Park,414,0.1932,0.2295,71
All,64,Clearing,487,0.1725,0.1725,72
All,56,Garfield Ridge,1177,0.1623,0.1436,73
All,76,Ohare,1721,0.1267,0.0622,74
All,54,Riverdale,71,0.3803,0.0282,
All,47,Burnside,13,0.3077,0.0,
All,36,Oakland,28,0.0714,0.0,
Bakery,75,Morgan Park,1,1.0,0.0,
Bakery,50,Pullman,1,1.0,0.0,
Bakery,33,Near South Side,7,0.7143,0.1429,
Bakery,61,New City,28,0.5714,0.2143,
Bakery,34,Armour Square,39,0.5128,0.1538,
Bakery,38,Grand Boulevard,4,0.5,0.25,
Bakery,19,Belmont Cragin,51,0.4706,0.2549,
Bakery,14,Albany Park,69,0.4493,0.1014,
Bakery,15,Portage Park,45,0.4444,0.1111,
Bakery,5,North Center,24,0.4167,0.0417,
Bakery,30,South Lawndale,65,0.4154,0.2,
Bakery,1,Rogers Park,34,0.4118,0.0,
Bakery,58,Brighton Park,22,0.4091,0.1818,
Bakery,72,Beverly,20,0.4,0.1,
Bakery,23,Humboldt Park,21,0.381,0.1905,
Bakery,4,Lincoln Square,24,0.375,0.2083,
Bakery,20,Hermosa,25,0.36,0.28,
Bakery,3,Uptown,38,0.3421,0.1579,
Bakery,2,West Ridge,45,0.3333,0.0444,
Bakery,25,Austin,9,0.3333,0.0,
Bakery,66,Chicago Lawn,9,0.3333,0.2222,
Bakery,22,Logan Square,59,0.322,0.0847,
Bakery,17,Dunning,13,0.3077,0.0769,
Bakery,10,Norwood Park,23,0.3043,0.087,
Bakery,52,East Side,10,0.3,0.1,
Bakery,31,Lower West Side,31,0.2581,0.2581,
Bakery,7,Lincoln Park,51,0.2549,0.1765,
Bakery,41,Hyde Park,8,0.25,0.125,
Bakery,63,Gage Park,16,0.25,0.25,
Bakery,60,Bridgeport,24,0.25,0.1667,
Bakery,77,Edgewater,33,0.2424,0.1818,
Bakery,32,Loop,17,0.2353,0.2941,
Bakery,65,West Lawn,13,0.2308,0.2308,
Bakery,57,Archer Heights,9,0.2222,0.2222,
Bakery,46,South Chicago,9,0.2222,0.1111,
Bakery,18,Montclare,18,0.2222,0.0556,
Bakery,8,Near North Side,38,0.2105,0.1842,
Bakery,62,West Elsdon,5,0.2,0.0,
Bakery,24,West Town,88,0.1932,0.25,
Bakery,70,Ashburn,6,0.1667,0.0,
Bakery,35,Douglas,6,0.1667,0.3333,
Bakery,16,Irving Park,18,0.1667,0.1111,
Bakery,56,Garfield Ridge,13,0.1538,0.2308,
Bakery,6,Lake View,59,0.1525,0.0339,
Bakery,28,Near West Side,34,0.1471,0.1176,
Bakery,11,Jefferson Park,27,0.1111,0.037,
Bakery,43,South Shore,5,0.0,0.0,
Bakery,13,North Park,2,0.0,0.0,
Bakery,53,West Pullman,3,0.0,0.0,
Bakery,76,Ohare,8,0.0,0.0,
Bakery,21,Avondale,2,0.0,0.0,
Bakery,74,Mount Greenwood,1,0.0,0.0,
Bakery,12,Forest Glen,2,0.0,0.0,
Bakery,59,Mckinley Park,8,0.0,0.0,
Bakery,51,South Deering,1,0.0,0.0,
Bakery,45,Avalon Park,5,0.0,0.0,
Bakery,9,Edison Park,3,0.0,0.0,
Bakery,64,Clearing,6,0.0,0.1667,
Bar / tavern / liquor,66,Chicago Lawn,2,1.0,0.0,
Bar / tavern / liquor,53,West Pullman,1,1.0,0.0,
Bar / tavern / liquor,50,Pullman,1,1.0,1.0,
Bar / tavern / liquor,40,Washington Park,2,1.0,0.5,
Bar / tavern / liquor,48,Calumet Heights,7,0.8571,0.2857,
Bar / tavern / liquor,58,Brighton Park,5,0.8,0.4,
Bar / tavern / liquor,68,Englewood,5,0.8,0.4,
Bar / tavern / liquor,11,Jefferson Park,4,0.75,0.0,
Bar / tavern / liquor,64,Clearing,3,0.6667,1.0,
Bar / tavern / liquor,33,Near South Side,9,0.6667,0.1111,
Bar / tavern / liquor,2,West Ridge,3,0.6667,0.3333,
Bar / tavern / liquor,16,Irving Park,6,0.6667,0.1667,
Bar / tavern / liquor,67,West Englewood,3,0.6667,1.0,
Bar / tavern / liquor,71,Auburn Gresham,10,0.6,0.3,
Bar / tavern / liquor,38,Grand Boulevard,5,0.6,0.2,
Bar / tavern / liquor,4,Lincoln Square,7,0.5714,0.4286,
Bar / tavern / liquor,23,Humboldt Park,7,0.5714,0.4286,
Bar / tavern / liquor,22,Logan Square,32,0.5625,0.1875,
Bar / tavern / liquor,70,Ashburn,4,0.5,0.25,
Bar / tavern / liquor,41,Hyde Park,6,0.5,0.5,
Bar / tavern / liquor,72,Beverly,4,0.5,0.5,
Bar / tavern / liquor,19,Belmont Cragin,4,0.5,0.25,
Bar / tavern / liquor,49,Roseland,2,0.5,0.5,
Bar / tavern / liquor,75,Morgan Park,2,0.5,1.0,
Bar / tavern / liquor,14,Albany Park,2,0.5,0.0,
Bar / tavern / liquor,43,South Shore,2,0.5,0.0,
Bar / tavern / liquor,57,Archer Heights,4,0.5,0.5,
Bar / tavern / liquor,44,Chatham,4,0.5,0.75,
Bar / tavern / liquor,5,North Center,9,0.4444,0.2222,
Bar / tavern / liquor,15,Portage Park,7,0.4286,0.4286,
Bar / tavern / liquor,60,Bridgeport,7,0.4286,0.0,
Bar / tavern / liquor,61,New City,12,0.4167,0.1667,
Bar / tavern / liquor,76,Ohare,5,0.4,0.0,
Bar / tavern / liquor,27,East Garfield Park,5,0.4,0.0,
Bar / tavern / liquor,24,West Town,41,0.3902,0.1463,
Bar / tavern / liquor,69,Greater Grand Crossing,8,0.375,0.375,
Bar / tavern / liquor,6,Lake View,55,0.3636,0.3273,
Bar / tavern / liquor,7,Lincoln Park,12,0.3333,0.3333,
Bar / tavern / liquor,21,Avondale,27,0.3333,0.0,
Bar / tavern / liquor,73,Washington Heights,3,0.3333,0.0,
Bar / tavern / liquor,28,Near West Side,21,0.3333,0.1905,
Bar / tavern / liquor,10,Norwood Park,6,0.3333,0.0,
Bar / tavern / liquor,8,Near North Side,18,0.3333,0.2222,
Bar / tavern / liquor,32,Loop,16,0.3125,0.25,
Bar / tavern / liquor,77,Edgewater,13,0.3077,0.3077,
Bar / tavern / liquor,29,North Lawndale,4,0.25,0.25,
Bar / tavern / liquor,31,Lower West Side,10,0.2,0.1,
Bar / tavern / liquor,3,Uptown,10,0.2,0.0,
Bar / tavern / liquor,1,Rogers Park,5,0.2,0.0,
Bar / tavern / liquor,20,Hermosa,6,0.1667,0.1667,
Bar / tavern / liquor,56,Garfield Ridge,10,0.1,0.0,
Bar / tavern / liquor,12,Forest Glen,1,0.0,0.0,
Bar / tavern / liquor,37,Fuller Park,3,0.0,0.0,
Bar / tavern / liquor,26,West Garfield Park,3,0.0,0.0,
Bar / tavern / liquor,17,Dunning,2,0.0,0.0,
Bar / tavern / liquor,55,Hegewisch,2,0.0,1.0,
Bar / tavern / liquor,9,Edison Park,1,0.0,0.0,
Bar / tavern / liquor,46,South Chicago,1,0.0,0.0,
Bar / tavern / liquor,59,Mckinley Park,1,0.0,0.0,
Bar / tavern / liquor,25,Austin,4,0.0,0.0,
Bar / tavern / liquor,74,Mount Greenwood,1,0.0,0.0,
Catering,59,Mckinley Park,7,0.5714,0.1429,
Catering,45,Avalon Park,6,0.5,0.0,
Catering,37,Fuller Park,4,0.5,0.0,
Catering,41,Hyde Park,2,0.5,0.0,
Catering,2,West Ridge,4,0.5,0.25,
Catering,25,Austin,17,0.4706,0.0588,
Catering,3,Uptown,15,0.4,0.0667,
Catering,52,East Side,9,0.3333,0.0,
Catering,4,Lincoln Square,3,0.3333,0.0,
Catering,46,South Chicago,3,0.3333,0.0,
Catering,26,West Garfield Park,3,0.3333,0.0,
Catering,23,Humboldt Park,14,0.2857,0.0,
Catering,24,West Town,70,0.2714,0.0429,
Catering,31,Lower West Side,49,0.2653,0.2857,
Catering,32,Loop,16,0.25,0.125,
Catering,22,Logan Square,12,0.25,0.25,
Catering,35,Douglas,4,0.25,0.0,
Catering,72,Beverly,4,0.25,0.0,
Catering,7,Lincoln Park,13,0.2308,0.0,
Catering,1,Rogers Park,13,0.2308,0.0,
Catering,58,Brighton Park,9,0.2222,0.0,
Catering,30,South Lawndale,9,0.2222,0.6667,
Catering,6,Lake View,29,0.1379,0.0345,
Catering,8,Near North Side,15,0.1333,0.0,
Catering,43,South Shore,15,0.1333,0.0667,
Catering,21,Avondale,8,0.125,0.125,
Catering,28,Near West Side,91,0.0989,0.011,
Catering,69,Greater Grand Crossing,21,0.0952,0.0,
Catering,16,Irving Park,12,0.0833,0.0833,
Catering,15,Portage Park,14,0.0714,0.0,
Catering,19,Belmont Cragin,16,0.0625,0.0,
Catering,77,Edgewater,2,0.0,0.0,
Catering,20,Hermosa,4,0.0,0.0,
Catering,75,Morgan Park,7,0.0,0.0,
Catering,38,Grand Boulevard,5,0.0,0.0,
Catering,14,Albany Park,10,0.0,0.0,
Catering,5,North Center,6,0.0,0.1667,
Catering,11,Jefferson Park,8,0.0,0.0,
Catering,71,Auburn Gresham,2,0.0,0.0,
Catering,50,Pullman,2,0.0,0.0,
Catering,55,Hegewisch,2,0.0,0.0,
Catering,40,Washington Park,4,0.0,0.25,
Catering,27,East Garfield Park,4,0.0,0.0,
Catering,13,North Park,5,0.0,0.0,
Catering,33,Near South Side,1,0.0,0.0,
Catering,9,Edison Park,10,0.0,0.0,
Catering,42,Woodlawn,2,0.0,0.0,
Daycare / children's services,44,Chatham,119,0.3445,0.0,1
Daycare / children's services,71,Auburn Gresham,172,0.343,0.0,2
Daycare / children's services,67,West Englewood,101,0.3366,0.0099,3
Daycare / children's services,46,South Chicago,119,0.3193,0.0,4
Daycare / children's services,69,Greater Grand Crossing,139,0.295,0.0,5
Daycare / children's services,49,Roseland,144,0.2778,0.0069,6
Daycare / children's services,25,Austin,259,0.2741,0.0077,7
Daycare / children's services,19,Belmont Cragin,121,0.2645,0.0,8
Daycare / children's services,23,Humboldt Park,128,0.2422,0.0,9
Daycare / children's services,73,Washington Heights,156,0.2372,0.0,10
Daycare / children's services,66,Chicago Lawn,114,0.2281,0.0,11
Daycare / children's services,28,Near West Side,231,0.2121,0.0,12
Daycare / children's services,43,South Shore,152,0.2105,0.0066,13
Daycare / children's services,5,North Center,124,0.1935,0.0,14
Daycare / children's services,4,Lincoln Square,143,0.1888,0.0,15
Daycare / children's services,22,Logan Square,209,0.1866,0.0,16
Daycare / children's services,6,Lake View,201,0.1692,0.0,17
Daycare / children's services,70,Ashburn,138,0.1667,0.0,18
Daycare / children's services,8,Near North Side,191,0.1623,0.0105,19
Daycare / children's services,7,Lincoln Park,186,0.1559,0.0,20
Daycare / children's services,1,Rogers Park,100,0.15,0.0,21
Daycare / children's services,24,West Town,240,0.1292,0.0,22
Daycare / children's services,3,Uptown,164,0.122,0.0061,23
Daycare / children's services,15,Portage Park,183,0.1148,0.0,24
Daycare / children's services,2,West Ridge,189,0.1111,0.0,25
Daycare / children's services,53,West Pullman,74,0.4054,0.0,
Daycare / children's services,61,New City,52,0.4038,0.0,
Daycare / children's services,18,Montclare,15,0.4,0.0,
Daycare / children's services,51,South Deering,40,0.35,0.0,
Daycare / children's services,68,Englewood,60,0.35,0.0,
Daycare / children's services,54,Riverdale,20,0.35,0.0,
Daycare / children's services,48,Calumet Heights,52,0.3269,0.0,
Daycare / children's services,58,Brighton Park,38,0.3158,0.0,
Daycare / children's services,50,Pullman,16,0.3125,0.0625,
Daycare / children's services,20,Hermosa,36,0.3056,0.0,
Daycare / children's services,39,Kenwood,17,0.2941,0.0,
Daycare / children's services,30,South Lawndale,38,0.2895,0.0,
Daycare / children's services,37,Fuller Park,7,0.2857,0.0,
Daycare / children's services,29,North Lawndale,89,0.2697,0.0,
Daycare / children's services,65,West Lawn,59,0.2542,0.0,
Daycare / children's services,75,Morgan Park,61,0.2459,0.0,
Daycare / children's services,72,Beverly,42,0.2381,0.0,
Daycare / children's services,32,Loop,81,0.2346,0.0123,
Daycare / children's services,21,Avondale,56,0.2321,0.0,
Daycare / children's services,9,Edison Park,53,0.2264,0.0,
Daycare / children's services,27,East Garfield Park,73,0.2192,0.0,
Daycare / children's services,63,Gage Park,67,0.209,0.0149,
Daycare / children's services,55,Hegewisch,24,0.2083,0.0,
Daycare / children's services,14,Albany Park,68,0.2059,0.0,
Daycare / children's services,33,Near South Side,80,0.2,0.0,
Daycare / children's services,13,North Park,77,0.1948,0.013,
Daycare / children's services,26,West Garfield Park,21,0.1905,0.0,
Daycare / children's services,34,Armour Square,44,0.1818,0.0,
Daycare / children's services,16,Irving Park,85,0.1765,0.0118,
Daycare / children's services,45,Avalon Park,35,0.1714,0.0,
Daycare / children's services,12,Forest Glen,53,0.1698,0.0,
Daycare / children's services,77,Edgewater,84,0.1667,0.0,
Daycare / children's services,40,Washington Park,42,0.1667,0.0,
Daycare / children's services,56,Garfield Ridge,44,0.1591,0.0,
Daycare / children's services,31,Lower West Side,44,0.1591,0.0227,
Daycare / children's services,52,East Side,33,0.1515,0.0,
Daycare / children's services,41,Hyde Park,67,0.1493,0.0,
Daycare / children's services,62,West Elsdon,30,0.1333,0.0,
Daycare / children's services,42,Woodlawn,70,0.1286,0.0143,
Daycare / children's services,60,Bridgeport,87,0.1264,0.0,
Daycare / children's services,17,Dunning,70,0.1143,0.0,
Daycare / children's services,38,Grand Boulevard,74,0.1081,0.0,
Daycare / children's services,64,Clearing,10,0.1,0.0,
Daycare / children's services,11,Jefferson Park,51,0.098,0.0,
Daycare / children's services,59,Mckinley Park,53,0.0943,0.0,
Daycare / children's services,35,Douglas,12,0.0833,0.0,
Daycare / children's services,74,Mount Greenwood,9,0.0,0.0,
Daycare / children's services,76,Ohare,7,0.0,0.0,
Daycare / children's services,10,Norwood Park,28,0.0,0.0,
Grocery store,46,South Chicago,101,0.4851,0.2871,1
Grocery store,69,Greater Grand Crossing,156,0.4744,0.3718,2
Grocery store,68,Englewood,141,0.4468,0.2411,3
Grocery store,44,Chatham,144,0.4236,0.3264,4
Grocery store,71,Auburn Gresham,189,0.4233,0.2169,5
Grocery store,26,West Garfield Park,140,0.4071,0.1786,6
Grocery store,29,North Lawndale,153,0.4052,0.3333,7
Grocery store,31,Lower West Side,138,0.3986,0.3188,8
Grocery store,19,Belmont Cragin,272,0.3971,0.261,9
Grocery store,23,Humboldt Park,188,0.3936,0.2128,10
Grocery store,58,Brighton Park,116,0.3879,0.25,11
Grocery store,14,Albany Park,180,0.3833,0.1722,12
Grocery store,25,Austin,406,0.3768,0.2586,13
Grocery store,43,South Shore,168,0.3571,0.5476,14
Grocery store,30,South Lawndale,298,0.3456,0.2013,15
Grocery store,67,West Englewood,119,0.3361,0.3697,16
Grocery store,66,Chicago Lawn,155,0.3355,0.2645,17
Grocery store,49,Roseland,118,0.3305,0.2542,18
Grocery store,61,New City,158,0.3038,0.3608,19
Grocery store,22,Logan Square,223,0.296,0.3363,20
Grocery store,2,West Ridge,278,0.295,0.2698,21
Grocery store,63,Gage Park,103,0.2913,0.3495,22
Grocery store,1,Rogers Park,207,0.2899,0.2319,23
Grocery store,15,Portage Park,230,0.2522,0.2261,24
Grocery store,7,Lincoln Park,180,0.2444,0.3333,25
Grocery store,28,Near West Side,317,0.2366,0.3943,26
Grocery store,24,West Town,298,0.2349,0.3356,27
Grocery store,77,Edgewater,213,0.2347,0.3474,28
Grocery store,21,Avondale,173,0.2254,0.3468,29
Grocery store,17,Dunning,148,0.223,0.2027,30
Grocery store,32,Loop,280,0.2,0.1857,31
Grocery store,16,Irving Park,126,0.1984,0.1587,32
Grocery store,3,Uptown,163,0.1902,0.3374,33
Grocery store,4,Lincoln Square,135,0.1778,0.3481,34
Grocery store,5,North Center,101,0.1683,0.3861,35
Grocery store,8,Near North Side,463,0.1663,0.3067,36
Grocery store,6,Lake View,326,0.1595,0.2945,37
Grocery store,76,Ohare,200,0.115,0.035,38
Grocery store,70,Ashburn,60,0.5167,0.1167,
Grocery store,52,East Side,42,0.4762,0.1905,
Grocery store,51,South Deering,54,0.463,0.5741,
Grocery store,45,Avalon Park,24,0.4167,0.2083,
Grocery store,34,Armour Square,95,0.4105,0.3158,
Grocery store,75,Morgan Park,90,0.4,0.3333,
Grocery store,20,Hermosa,59,0.3898,0.2542,
Grocery store,38,Grand Boulevard,69,0.3768,0.3478,
Grocery store,73,Washington Heights,99,0.3737,0.2525,
Grocery store,57,Archer Heights,63,0.3651,0.2698,
Grocery store,27,East Garfield Park,94,0.3511,0.2128,
Grocery store,50,Pullman,23,0.3478,0.3043,
Grocery store,54,Riverdale,6,0.3333,0.1667,
Grocery store,18,Montclare,33,0.3333,0.0909,
Grocery store,55,Hegewisch,30,0.3,0.4,
Grocery store,42,Woodlawn,87,0.2874,0.4713,
Grocery store,65,West Lawn,77,0.2857,0.0779,
Grocery store,62,West Elsdon,53,0.283,0.2642,
Grocery store,53,West Pullman,82,0.2805,0.3171,
Grocery store,59,Mckinley Park,64,0.2656,0.5,
Grocery store,40,Washington Park,39,0.2564,0.4359,
Grocery store,39,Kenwood,33,0.2424,0.5758,
Grocery store,48,Calumet Heights,29,0.2414,0.4483,
Grocery store,64,Clearing,47,0.234,0.3191,
Grocery store,35,Douglas,69,0.2319,0.6232,
Grocery store,11,Jefferson Park,95,0.2316,0.2211,
Grocery store,37,Fuller Park,13,0.2308,0.0769,
Grocery store,74,Mount Greenwood,40,0.225,0.1,
Grocery store,9,Edison Park,33,0.2121,0.0909,
Grocery store,13,North Park,38,0.2105,0.1842,
Grocery store,10,Norwood Park,67,0.209,0.3582,
Grocery store,33,Near South Side,77,0.1948,0.4026,
Grocery store,72,Beverly,26,0.1923,0.0385,
Grocery store,56,Garfield Ridge,79,0.1772,0.2658,
Grocery store,60,Bridgeport,22,0.1364,0.1364,
Grocery store,41,Hyde Park,52,0.1346,0.4423,
Grocery store,12,Forest Glen,28,0.1071,0.0714,
Grocery store,47,Burnside,1,0.0,0.0,
Hospital / long-term care,3,Uptown,120,0.2667,0.0667,1
Hospital / long-term care,19,Belmont Cragin,11,0.6364,0.1818,
Hospital / long-term care,13,North Park,7,0.5714,0.0,
Hospital / long-term care,56,Garfield Ridge,15,0.5333,0.2667,
Hospital / long-term care,1,Rogers Park,58,0.4828,0.0345,
Hospital / long-term care,46,South Chicago,25,0.44,0.0,
Hospital / long-term care,14,Albany Park,26,0.4231,0.0385,
Hospital / long-term care,35,Douglas,37,0.4054,0.0811,
Hospital / long-term care,48,Calumet Heights,15,0.4,0.0,
Hospital / long-term care,43,South Shore,78,0.3846,0.0641,
Hospital / long-term care,29,North Lawndale,31,0.3548,0.1613,
Hospital / long-term care,70,Ashburn,17,0.3529,0.0,
Hospital / long-term care,15,Portage Park,37,0.3514,0.1081,
Hospital / long-term care,7,Lincoln Park,53,0.3208,0.0566,
Hospital / long-term care,61,New City,19,0.3158,0.0526,
Hospital / long-term care,41,Hyde Park,26,0.3077,0.0769,
Hospital / long-term care,30,South Lawndale,23,0.3043,0.0,
Hospital / long-term care,16,Irving Park,20,0.3,0.1,
Hospital / long-term care,69,Greater Grand Crossing,17,0.2941,0.0588,
Hospital / long-term care,49,Roseland,32,0.2813,0.0938,
Hospital / long-term care,28,Near West Side,40,0.275,0.15,
Hospital / long-term care,77,Edgewater,61,0.2623,0.0656,
Hospital / long-term care,68,Englewood,27,0.2593,0.0,
Hospital / long-term care,66,Chicago Lawn,33,0.2424,0.303,
Hospital / long-term care,2,West Ridge,62,0.2419,0.0161,
Hospital / long-term care,25,Austin,83,0.241,0.0361,
Hospital / long-term care,4,Lincoln Square,87,0.2299,0.069,
Hospital / long-term care,73,Washington Heights,9,0.2222,0.0,
Hospital / long-term care,18,Montclare,29,0.2069,0.0345,
Hospital / long-term care,33,Near South Side,15,0.2,0.0667,
Hospital / long-term care,38,Grand Boulevard,30,0.2,0.0667,
Hospital / long-term care,6,Lake View,35,0.2,0.0286,
Hospital / long-term care,22,Logan Square,20,0.2,0.05,
Hospital / long-term care,42,Woodlawn,25,0.16,0.04,
Hospital / long-term care,20,Hermosa,8,0.125,0.0,
Hospital / long-term care,27,East Garfield Park,33,0.1212,0.0909,
Hospital / long-term care,39,Kenwood,18,0.1111,0.0,
Hospital / long-term care,24,West Town,56,0.1071,0.0,
Hospital / long-term care,17,Dunning,10,0.1,0.0,
Hospital / long-term care,10,Norwood Park,51,0.098,0.0392,
Hospital / long-term care,34,Armour Square,11,0.0909,0.6364,
Hospital / long-term care,8,Near North Side,69,0.087,0.087,
Hospital / long-term care,75,Morgan Park,44,0.0455,0.0,
Hospital / long-term care,21,Avondale,4,0.0,0.25,
Hospital / long-term care,63,Gage Park,3,0.0,0.0,
Hospital / long-term care,50,Pullman,5,0.0,0.0,
Hospital / long-term care,60,Bridgeport,3,0.0,0.3333,
Hospital / long-term care,51,South Deering,1,0.0,0.0,
Hospital / long-term care,67,West Englewood,7,0.0,0.0,
Hospital / long-term care,31,Lower West Side,7,0.0,0.0,
Hospital / long-term care,59,Mckinley Park,3,0.0,0.0,
Hospital / long-term care,52,East Side,1,0.0,0.0,
Hospital / long-term care,26,West Garfield Park,1,0.0,0.0,
Hospital / long-term care,58,Brighton Park,2,0.0,0.5,
Hospital / long-term care,23,Humboldt Park,12,0.0,0.0833,
Hospital / long-term care,32,Loop,4,0.0,0.0,
Hospital / long-term care,5,North Center,3,0.0,0.3333,
Hospital / long-term care,44,Chatham,7,0.0,0.0,
Hospital / long-term care,9,Edison Park,1,0.0,0.0,
Mobile food,27,East Garfield Park,155,0.2839,0.0129,1
Mobile food,31,Lower West Side,381,0.2703,0.0341,2
Mobile food,44,Chatham,1,1.0,1.0,
Mobile food,17,Dunning,1,1.0,0.0,
Mobile food,73,Washington Heights,1,1.0,0.0,
Mobile food,56,Garfield Ridge,1,1.0,0.0,
Mobile food,43,South Shore,2,0.5,0.0,
Mobile food,19,Belmont Cragin,5,0.2,0.0,
Mobile food,61,New City,5,0.2,0.0,
Mobile food,25,Austin,23,0.1739,0.0,
Mobile food,29,North Lawndale,13,0.1538,0.0,
Mobile food,60,Bridgeport,20,0.15,0.05,
Mobile food,2,West Ridge,7,0.1429,0.0,
Mobile food,28,Near West Side,72,0.1111,0.0139,
Mobile food,6,Lake View,9,0.1111,0.0,
Mobile food,30,South Lawndale,19,0.1053,0.0,
Mobile food,8,Near North Side,11,0.0909,0.0,
Mobile food,1,Rogers Park,4,0.0,0.0,
Mobile food,70,Ashburn,2,0.0,0.0,
Mobile food,22,Logan Square,2,0.0,0.0,
Mobile food,23,Humboldt Park,1,0.0,0.0,
Mobile food,58,Brighton Park,1,0.0,0.0,
Mobile food,5,North Center,2,0.0,0.0,
Mobile food,63,Gage Park,16,0.0,0.0,
Mobile food,14,Albany Park,4,0.0,0.0,
Mobile food,52,East Side,16,0.0,0.0,
Mobile food,15,Portage Park,1,0.0,0.0,
Mobile food,21,Avondale,2,0.0,0.0,
Mobile food,16,Irving Park,4,0.0,0.0,
Mobile food,11,Jefferson Park,1,0.0,0.0,
Mobile food,32,Loop,2,0.0,0.0,
Mobile food,59,Mckinley Park,2,0.0,0.0,
Other,28,Near West Side,122,0.2295,0.041,1
Other,32,Loop,129,0.2171,0.1628,2
Other,8,Near North Side,122,0.1803,0.0738,3
Other,6,Lake View,141,0.078,0.0213,4
Other,64,Clearing,1,1.0,1.0,
Other,52,East Side,1,1.0,0.0,
Other,44,Chatham,8,0.625,0.25,
Other,69,Greater Grand Crossing,12,0.5833,0.6667,
Other,67,West Englewood,12,0.5833,0.5,
Other,61,New City,19,0.5263,0.3684,
Other,62,West Elsdon,2,0.5,0.0,
Other,63,Gage Park,6,0.5,0.1667,
Other,11,Jefferson Park,7,0.4286,0.0,
Other,19,Belmont Cragin,77,0.4286,0.1948,
Other,14,Albany Park,19,0.4211,0.0,
Other,18,Montclare,17,0.4118,0.0588,
Other,13,North Park,10,0.4,0.0,
Other,66,Chicago Lawn,24,0.375,0.1667,
Other,72,Beverly,24,0.375,0.0417,
Other,34,Armour Square,35,0.3714,0.1429,
Other,65,West Lawn,11,0.3636,0.2727,
Other,47,Burnside,3,0.3333,0.0,
Other,20,Hermosa,3,0.3333,0.3333,
Other,57,Archer Heights,3,0.3333,0.3333,
Other,31,Lower West Side,48,0.3333,0.2708,
Other,22,Logan Square,22,0.3182,0.0,
Other,51,South Deering,7,0.2857,0.2857,
Other,68,Englewood,39,0.2821,0.0769,
Other,23,Humboldt Park,18,0.2778,0.1111,
Other,29,North Lawndale,22,0.2727,0.1364,
Other,46,South Chicago,26,0.2692,0.0,
Other,2,West Ridge,34,0.2647,0.2353,
Other,1,Rogers Park,23,0.2609,0.1739,
Other,25,Austin,27,0.2593,0.037,
Other,55,Hegewisch,20,0.25,0.0,
Other,24,West Town,41,0.2439,0.0732,
Other,56,Garfield Ridge,22,0.2273,0.0455,
Other,42,Woodlawn,18,0.2222,0.0556,
Other,4,Lincoln Square,23,0.2174,0.1739,
Other,26,West Garfield Park,14,0.2143,0.2143,
Other,60,Bridgeport,14,0.2143,0.1429,
Other,3,Uptown,35,0.2,0.2,
Other,27,East Garfield Park,30,0.2,0.0333,
Other,16,Irving Park,10,0.2,0.1,
Other,74,Mount Greenwood,10,0.2,0.0,
Other,15,Portage Park,21,0.1905,0.0,
Other,7,Lincoln Park,44,0.1818,0.0455,
Other,5,North Center,11,0.1818,0.1818,
Other,77,Edgewater,28,0.1786,0.0,
Other,33,Near South Side,34,0.1765,0.1176,
Other,21,Avondale,34,0.1765,0.0882,
Other,58,Brighton Park,6,0.1667,0.0,
Other,41,Hyde Park,6,0.1667,0.3333,
Other,59,Mckinley Park,6,0.1667,0.0,
Other,49,Roseland,23,0.1304,0.1739,
Other,37,Fuller Park,8,0.125,0.0,
Other,71,Auburn Gresham,10,0.1,0.2,
Other,10,Norwood Park,13,0.0769,0.0,
Other,30,South Lawndale,15,0.0667,0.2,
Other,35,Douglas,16,0.0625,0.125,
Other,76,Ohare,21,0.0476,0.0,
Other,17,Dunning,1,0.0,0.0,
Other,75,Morgan Park,4,0.0,0.0,
Other,70,Ashburn,1,0.0,0.0,
Other,36,Oakland,1,0.0,0.0,
Other,38,Grand Boulevard,15,0.0,0.0667,
Other,73,Washington Heights,5,0.0,0.0,
Other,39,Kenwood,1,0.0,0.0,
Other,45,Avalon Park,1,0.0,0.0,
Restaurant,71,Auburn Gresham,442,0.405,0.2738,1
Restaurant,45,Avalon Park,180,0.3944,0.4111,2
Restaurant,26,West Garfield Park,150,0.3933,0.3867,3
Restaurant,46,South Chicago,229,0.393,0.3406,4
Restaurant,34,Armour Square,1001,0.3876,0.2867,5
Restaurant,14,Albany Park,1093,0.3806,0.1418,6
Restaurant,68,Englewood,203,0.3793,0.2857,7
Restaurant,37,Fuller Park,133,0.3609,0.3985,8
Restaurant,49,Roseland,359,0.3593,0.4095,9
Restaurant,20,Hermosa,237,0.3586,0.2025,10
Restaurant,25,Austin,979,0.3514,0.3115,11
Restaurant,44,Chatham,594,0.3434,0.4276,12
Restaurant,27,East Garfield Park,123,0.3415,0.2846,13
Restaurant,40,Washington Park,123,0.3415,0.5122,13
Restaurant,69,Greater Grand Crossing,539,0.3395,0.4638,15
Restaurant,52,East Side,192,0.3385,0.1823,16
Restaurant,19,Belmont Cragin,1227,0.3374,0.1614,17
Restaurant,23,Humboldt Park,656,0.3308,0.2454,18
Restaurant,73,Washington Heights,261,0.3295,0.4444,19
Restaurant,66,Chicago Lawn,511,0.3229,0.2798,20
Restaurant,67,West Englewood,258,0.3217,0.4031,21
Restaurant,53,West Pullman,152,0.3092,0.3487,22
Restaurant,2,West Ridge,1238,0.3078,0.2326,23
Restaurant,29,North Lawndale,365,0.3068,0.2795,24
Restaurant,22,Logan Square,1965,0.2957,0.1583,25
Restaurant,13,North Park,487,0.2957,0.2012,25
Restaurant,60,Bridgeport,571,0.2942,0.2399,27
Restaurant,4,Lincoln Square,1176,0.2942,0.1335,27
Restaurant,7,Lincoln Park,2382,0.2926,0.1801,29
Restaurant,48,Calumet Heights,183,0.2896,0.4044,30
Restaurant,6,Lake View,3614,0.2872,0.1843,31
Restaurant,75,Morgan Park,377,0.2865,0.2785,32
Restaurant,1,Rogers Park,912,0.2851,0.17,33
Restaurant,18,Montclare,149,0.2819,0.1879,34
Restaurant,57,Archer Heights,355,0.2817,0.1155,35
Restaurant,63,Gage Park,556,0.2806,0.1673,36
Restaurant,31,Lower West Side,1065,0.2761,0.1915,37
Restaurant,55,Hegewisch,145,0.2759,0.0828,38
Restaurant,61,New City,649,0.2712,0.1941,39
Restaurant,24,West Town,3243,0.271,0.1788,40
Restaurant,30,South Lawndale,972,0.2706,0.1481,41
Restaurant,43,South Shore,490,0.2694,0.4286,42
Restaurant,77,Edgewater,1456,0.2692,0.2033,43
Restaurant,21,Avondale,807,0.2664,0.2045,44
Restaurant,16,Irving Park,937,0.2657,0.175,45
Restaurant,51,South Deering,226,0.2655,0.3407,46
Restaurant,58,Brighton Park,536,0.2612,0.1735,47
Restaurant,9,Edison Park,212,0.2594,0.1226,48
Restaurant,42,Woodlawn,274,0.2591,0.2409,49
Restaurant,33,Near South Side,750,0.2587,0.2333,50
Restaurant,3,Uptown,1378,0.2576,0.2054,51
Restaurant,62,West Elsdon,277,0.2527,0.1769,52
Restaurant,38,Grand Boulevard,348,0.2443,0.296,53
Restaurant,5,North Center,1025,0.2439,0.1288,54
Restaurant,12,Forest Glen,230,0.2435,0.1174,55
Restaurant,15,Portage Park,947,0.2429,0.1647,56
Restaurant,35,Douglas,233,0.2361,0.3948,57
Restaurant,11,Jefferson Park,353,0.2351,0.1898,58
Restaurant,17,Dunning,603,0.2305,0.136,59
Restaurant,65,West Lawn,634,0.2256,0.2256,60
Restaurant,28,Near West Side,4226,0.2215,0.1834,61
Restaurant,10,Norwood Park,454,0.2203,0.1828,62
Restaurant,8,Near North Side,6406,0.2137,0.162,63
Restaurant,41,Hyde Park,992,0.2097,0.2823,64
Restaurant,72,Beverly,417,0.2086,0.2446,65
Restaurant,39,Kenwood,195,0.2051,0.4308,66
Restaurant,32,Loop,4960,0.205,0.1429,67
Restaurant,59,Mckinley Park,227,0.1982,0.2731,68
Restaurant,74,Mount Greenwood,279,0.1935,0.2007,69
Restaurant,70,Ashburn,495,0.1859,0.2384,70
Restaurant,64,Clearing,355,0.169,0.1803,71
Restaurant,56,Garfield Ridge,906,0.1578,0.1534,72
Restaurant,76,Ohare,1470,0.1299,0.068,73
Restaurant,50,Pullman,95,0.2947,0.1474,
Restaurant,54,Riverdale,8,0.125,0.125,
Restaurant,36,Oakland,11,0.0909,0.0,
School,71,Auburn Gresham,144,0.4167,0.0069,1
School,49,Roseland,130,0.3692,0.0077,2
School,68,Englewood,130,0.3615,0.0077,3
School,73,Washington Heights,109,0.3578,0.0,4
School,29,North Lawndale,172,0.3081,0.0058,5
School,27,East Garfield Park,122,0.2869,0.0,6
School,23,Humboldt Park,152,0.2829,0.0066,7
School,22,Logan Square,152,0.2697,0.0066,8
School,67,West Englewood,109,0.2661,0.0,9
School,19,Belmont Cragin,156,0.2564,0.0,10
School,58,Brighton Park,139,0.2518,0.0072,11
School,24,West Town,254,0.248,0.0276,12
School,43,South Shore,127,0.2441,0.0,13
School,28,Near West Side,221,0.2353,0.009,14
School,63,Gage Park,126,0.2302,0.0,15
School,15,Portage Park,106,0.2264,0.0,16
School,25,Austin,223,0.2242,0.009,17
School,16,Irving Park,103,0.2233,0.0097,18
School,30,South Lawndale,214,0.215,0.0,19
School,61,New City,191,0.2042,0.0052,20
School,70,Ashburn,123,0.2033,0.0,21
School,7,Lincoln Park,101,0.198,0.0,22
School,2,West Ridge,107,0.1869,0.0187,23
School,8,Near North Side,118,0.1864,0.0,24
School,31,Lower West Side,153,0.1765,0.0065,25
School,6,Lake View,117,0.1538,0.0,26
School,52,East Side,64,0.5156,0.0,
School,14,Albany Park,65,0.4769,0.0,
School,46,South Chicago,90,0.4667,0.0,
School,54,Riverdale,37,0.4595,0.0,
School,45,Avalon Park,43,0.4186,0.0,
School,40,Washington Park,47,0.383,0.0213,
School,66,Chicago Lawn,72,0.375,0.0278,
School,75,Morgan Park,65,0.3538,0.0,
School,69,Greater Grand Crossing,95,0.3474,0.0,
School,53,West Pullman,84,0.3452,0.0,
School,1,Rogers Park,67,0.3433,0.0,
School,55,Hegewisch,21,0.3333,0.0,
School,47,Burnside,9,0.3333,0.0,
School,26,West Garfield Park,57,0.3333,0.0,
School,77,Edgewater,67,0.3134,0.0299,
School,51,South Deering,34,0.2941,0.0,
School,50,Pullman,65,0.2923,0.0,
School,48,Calumet Heights,48,0.2917,0.0,
School,74,Mount Greenwood,62,0.2903,0.0,
School,44,Chatham,87,0.2874,0.0,
School,62,West Elsdon,22,0.2727,0.0,
School,42,Woodlawn,57,0.2632,0.0175,
School,11,Jefferson Park,28,0.25,0.0,
School,13,North Park,61,0.2459,0.0164,
School,39,Kenwood,54,0.2407,0.0,
School,41,Hyde Park,54,0.2407,0.0185,
School,57,Archer Heights,42,0.2381,0.0,
School,20,Hermosa,48,0.2292,0.0,
School,32,Loop,53,0.2264,0.0,
School,72,Beverly,67,0.2239,0.0,
School,12,Forest Glen,36,0.2222,0.0,
School,10,Norwood Park,97,0.2062,0.0,
School,65,West Lawn,65,0.2,0.0,
School,35,Douglas,89,0.191,0.0112,
School,59,Mckinley Park,43,0.186,0.0,
School,3,Uptown,69,0.1739,0.029,
School,21,Avondale,69,0.1739,0.0,
School,38,Grand Boulevard,77,0.1688,0.039,
School,60,Bridgeport,78,0.1667,0.0128,
School,4,Lincoln Square,97,0.1649,0.0103,
School,17,Dunning,99,0.1515,0.0,
School,64,Clearing,64,0.1406,0.0,
School,34,Armour Square,51,0.1373,0.0,
School,33,Near South Side,46,0.1304,0.0,
School,5,North Center,70,0.1286,0.0143,
School,76,Ohare,8,0.125,0.0,
School,18,Montclare,8,0.125,0.0,
School,56,Garfield Ridge,79,0.1139,0.0,
School,37,Fuller Park,9,0.1111,0.0,
School,9,Edison Park,24,0.0833,0.0,
School,36,Oakland,16,0.0625,0.0,
Unknown,3,Uptown,1,1.0,1.0,
Unknown,49,Roseland,1,1.0,0.0,
Unknown,58,Brighton Park,1,1.0,0.0,
Unknown,8,Near North Side,9,0.6667,0.0,
Unknown,63,Gage Park,3,0.6667,0.3333,
Unknown,25,Austin,11,0.5455,0.4545,
Unknown,28,Near West Side,4,0.5,0.25,
Unknown,27,East Garfield Park,2,0.5,0.0,
Unknown,19,Belmont Cragin,5,0.4,0.0,
Unknown,7,Lincoln Park,12,0.3333,0.0833,
Unknown,31,Lower West Side,3,0.3333,0.3333,
Unknown,2,West Ridge,3,0.3333,0.0,
Unknown,30,South Lawndale,5,0.2,0.2,
Unknown,56,Garfield Ridge,8,0.125,0.125,
Unknown,32,Loop,8,0.125,0.0,
Unknown,14,Albany Park,1,0.0,0.0,
Unknown,64,Clearing,1,0.0,0.0,
Unknown,76,Ohare,2,0.0,0.0,
Unknown,20,Hermosa,1,0.0,0.0,
Unknown,53,West Pullman,1,0.0,0.0,
Unknown,61,New City,3,0.0,0.6667,
Unknown,15,Portage Park,2,0.0,0.0,
Unknown,6,Lake View,3,0.0,0.0,
Unknown,69,Greater Grand Crossing,1,0.0,0.0,
Unknown,65,West Lawn,3,0.0,0.0,
Unknown,67,West Englewood,1,0.0,0.0,
Unknown,60,Bridgeport,3,0.0,0.0,
Unknown,23,Humboldt Park,2,0.0,0.0,
Unknown,24,West Town,5,0.0,0.2,
Unknown,37,Fuller Park,1,0.0,0.0,
Unknown,17,Dunning,1,0.0,0.0,
