facility_group,inspections,businesses,fails,fail_rate,first_date,last_date
All,120670,24917,27435,0.2274,2018-07-03,2026-10-05
Restaurant,82753,16645,18562,0.2243,2018-07-03,2026-10-05
Grocery store,12687,3860,3204,0.2525,2018-07-03,2026-10-02
School,8959,975,2243,0.2504,2018-07-16,2026-10-05
Daycare / children's services,7845,1104,1501,0.1913,2018-07-03,2026-10-05
Hospital / long-term care,2126,426,453,0.2131,2018-07-09,2026-10-02
Other,2078,563,451,0.217,2018-07-06,2026-09-29
Bakery,1690,390,436,0.258,2018-07-03,2026-10-01
Mobile food,999,384,211,0.2112,2018-07-03,2026-09-30
Catering,713,158,120,0.1683,2018-07-10,2026-08-31
Bar / tavern / liquor,679,400,217,0.3196,2018-07-05,2026-09-30
Unknown,141,68,37,0.2624,2018-07-20,2026-09-25
