facility_group,violation_no,violation_desc,n_cited,cited_share,fail_rate_cited,fail_rate_not_cited,lift,share_of_fails
All,38,"INSECTS, RODENTS, & ANIMALS NOT PRESENT",20167,0.1671,0.6401,0.1445,4.43,0.4705
All,59,PREVIOUS PRIORITY FOUNDATION VIOLATION CORRECTED,1823,0.0151,0.8941,0.2171,4.12,0.0594
All,60,PREVIOUS CORE VIOLATION CORRECTED,6530,0.0541,0.76,0.1969,3.86,0.1809
All,50,HOT & COLD WATER AVAILABLE; ADEQUATE PRESSURE,1485,0.0123,0.8,0.2202,3.63,0.0433
All,48,"WAREWASHING FACILITIES: INSTALLED, MAINTAINED & USED; TEST STRIPS",8286,0.0687,0.6732,0.1945,3.46,0.2033
All,54,GARBAGE & REFUSE PROPERLY DISPOSED; FACILITIES MAINTAINED,6034,0.05,0.6163,0.2069,2.98,0.1356
All,13,"FOOD IN GOOD CONDITION, SAFE, & UNADULTERATED",238,0.002,0.6723,0.2265,2.97,0.0058
All,62,COMPLIANCE WITH CLEAN INDOOR AIR ORDINANCE,207,0.0017,0.6425,0.2266,2.83,0.0048
All,19,PROPER REHEATING PROCEDURES FOR HOT HOLDING,56,0.0005,0.625,0.2272,2.75,0.0013
All,10,ADEQUATE HANDWASHING SINKS PROPERLY SUPPLIED AND ACCESSIBLE,22755,0.1886,0.4664,0.1718,2.71,0.3868
All,52,SEWAGE & WASTE WATER PROPERLY DISPOSED,2316,0.0192,0.5699,0.2207,2.58,0.0481
All,33,PROPER COOLING METHODS USED; ADEQUATE EQUIPMENT FOR TEMPERATURE CONTROL,4662,0.0386,0.541,0.2148,2.52,0.0919
All,15,FOOD SEPARATED AND PROTECTED,606,0.005,0.566,0.2256,2.51,0.0125
All,11,FOOD OBTAINED FROM APPROVED SOURCE,167,0.0014,0.5569,0.2269,2.45,0.0034
All,46,GLOVES USED PROPERLY,277,0.0023,0.5451,0.2266,2.41,0.0055
All,16,FOOD-CONTACT SURFACES: CLEANED & SANITIZED,8761,0.0726,0.4913,0.2067,2.38,0.1569
All,1,"PERSON IN CHARGE PRESENT, DEMONSTRATES KNOWLEDGE, AND PERFORMS DUTIES",5186,0.043,0.5098,0.2147,2.37,0.0964
All,28,"TOXIC SUBSTANCES PROPERLY IDENTIFIED, STORED, & USED",518,0.0043,0.5232,0.2261,2.31,0.0099
All,8,HANDS CLEAN & PROPERLY WASHED,871,0.0072,0.5212,0.2252,2.31,0.0165
All,31,WATER & ICE FROM APPROVED SOURCE,23,0.0002,0.5217,0.2273,2.3,0.0004
All,21,PROPER HOT HOLDING TEMPERATURES,1471,0.0122,0.5105,0.2239,2.28,0.0274
All,25,CONSUMER ADVISORY PROVIDED FOR RAW/UNDERCOOKED FOOD,5890,0.0488,0.4854,0.2141,2.27,0.1042
All,2,CITY OF CHICAGO FOOD SERVICE SANITATION CERTIFICATE,10810,0.0896,0.4602,0.2044,2.25,0.1813
All,24,TIME AS A PUBLIC HEALTH CONTROL; PROCEDURES & RECORDS,85,0.0007,0.4941,0.2272,2.18,0.0015
All,22,PROPER COLD HOLDING TEMPERATURES,6696,0.0555,0.4583,0.2138,2.14,0.1119
All,12,FOOD RECEIVED AT PROPER TEMPERATURE,33,0.0003,0.4848,0.2273,2.13,0.0006
All,36,THERMOMETERS PROVIDED & ACCURATE,9774,0.081,0.4417,0.2085,2.12,0.1574
All,9,NO BARE HAND CONTACT WITH RTE FOOD OR A PRE-APPROVED ALTERNATIVE PROCEDURE PROPERLY ALLOWED,654,0.0054,0.4679,0.226,2.07,0.0112
All,61,SUMMARY REPORT DISPLAYED AND VISIBLE TO THE PUBLIC,1874,0.0155,0.4605,0.2237,2.06,0.0315
All,14,"REQUIRED RECORDS AVAILABLE: SHELLSTOCK TAGS, PARASITE DESTRUCTION",728,0.006,0.456,0.226,2.02,0.0121
All,18,PROPER COOKING TIME & TEMPERATURES,11,0.0001,0.4545,0.2273,2.0,0.0002
All,29,COMPLIANCE WITH VARIANCE/SPECIALIZED PROCESS/HACCP,834,0.0069,0.4496,0.2258,1.99,0.0137
All,32,VARIANCE OBTAINED FOR SPECIALIZED PROCESSING METHODS,535,0.0044,0.4299,0.2265,1.9,0.0084
All,20,PROPER COOLING TIME AND TEMPERATURE,126,0.001,0.4286,0.2271,1.89,0.002
All,64,MISCELLANEOUS / PUBLIC HEALTH ORDERS,704,0.0058,0.392,0.2264,1.73,0.0101
All,55,"PHYSICAL FACILITIES INSTALLED, MAINTAINED & CLEAN",57130,0.4734,0.2921,0.1692,1.73,0.6082
All,3,"MANAGEMENT, FOOD EMPLOYEE AND CONDITIONAL EMPLOYEE; KNOWLEDGE, RESPONSIBILITIES AND REPORTING",18456,0.1529,0.3521,0.2048,1.72,0.2369
All,57,ALL FOOD EMPLOYEES HAVE FOOD HANDLER TRAINING,15331,0.127,0.3556,0.2087,1.7,0.1987
All,49,NON-FOOD/FOOD CONTACT SURFACES CLEAN,28562,0.2367,0.3319,0.1949,1.7,0.3455
All,39,"CONTAMINATION PREVENTED DURING FOOD PREPARATION, STORAGE & DISPLAY",11161,0.0925,0.3616,0.2137,1.69,0.1471
All,5,PROCEDURES FOR RESPONDING TO VOMITING AND DIARRHEAL EVENTS,19271,0.1597,0.3426,0.2054,1.67,0.2407
All,45,SINGLE-USE/SINGLE-SERVICE ARTICLES: PROPERLY STORED & USED,3793,0.0314,0.363,0.223,1.63,0.0502
All,53,"TOILET FACILITIES: PROPERLY CONSTRUCTED, SUPPLIED, & CLEANED",16204,0.1343,0.3336,0.2109,1.58,0.197
All,35,APPROVED THAWING METHODS USED,1184,0.0098,0.3539,0.2261,1.57,0.0153
All,51,PLUMBING INSTALLED; PROPER BACKFLOW DEVICES,26211,0.2172,0.3175,0.2024,1.57,0.3033
All,41,WIPING CLOTHS: PROPERLY USED & STORED,7138,0.0592,0.3439,0.22,1.56,0.0895
All,44,"UTENSILS, EQUIPMENT & LINENS: PROPERLY STORED, DRIED, & HANDLED",4384,0.0363,0.3453,0.2229,1.55,0.0552
All,37,FOOD PROPERLY LABELED; ORIGINAL CONTAINER,13374,0.1108,0.3312,0.2144,1.54,0.1615
All,6,"PROPER EATING, TASTING, DRINKING, OR TOBACCO USE",681,0.0056,0.348,0.2267,1.54,0.0086
All,56,ADEQUATE VENTILATION & LIGHTING; DESIGNATED AREAS USED,21594,0.179,0.3184,0.2075,1.53,0.2506
All,23,PROPER DATE MARKING AND DISPOSITION,6466,0.0536,0.3331,0.2214,1.5,0.0785
All,47,"FOOD & NON-FOOD CONTACT SURFACES CLEANABLE, PROPERLY DESIGNED, CONSTRUCTED & USED",30258,0.2507,0.2994,0.2032,1.47,0.3302
All,40,PERSONAL CLEANLINESS,5393,0.0447,0.3234,0.2229,1.45,0.0636
All,43,IN-USE UTENSILS: PROPERLY STORED,4282,0.0355,0.3055,0.2245,1.36,0.0477
All,58,ALLERGEN TRAINING AS REQUIRED,20285,0.1681,0.2884,0.215,1.34,0.2133
All,63,REMOVAL OF SUSPENSION SIGN,50,0.0004,0.3,0.2273,1.32,0.0005
All,17,"PROPER DISPOSITION OF RETURNED, PREVIOUSLY SERVED, RECONDITIONED & UNSAFE FOOD",33,0.0003,0.2727,0.2273,1.2,0.0003
All,27,FOOD ADDITIVES: APPROVED AND PROPERLY USED,11,0.0001,0.2727,0.2274,1.2,0.0001
All,4,PROPER USE OF RESTRICTION AND EXCLUSION,15,0.0001,0.2667,0.2274,1.17,0.0001
All,42,WASHING FRUITS & VEGETABLES,15,0.0001,0.2667,0.2274,1.17,0.0001
All,34,PLANT FOOD PROPERLY COOKED FOR HOT HOLDING,6,0.0,0.1667,0.2274,0.73,0.0
All,7,"NO DISCHARGE FROM EYES, NOSE, AND MOUTH",20,0.0002,0.15,0.2274,0.66,0.0001
All,26,PASTEURIZED FOODS USED; PROHIBITED FOODS NOT OFFERED,7,0.0001,0.1429,0.2274,0.63,0.0
All,30,PASTEURIZED EGGS USED WHERE REQUIRED,20,0.0002,0.1,0.2274,0.44,0.0001
Bakery,38,"INSECTS, RODENTS, & ANIMALS NOT PRESENT",354,0.2095,0.7147,0.137,5.22,0.5803
Bakery,4,PROPER USE OF RESTRICTION AND EXCLUSION,1,0.0006,1.0,0.2575,3.88,0.0023
Bakery,11,FOOD OBTAINED FROM APPROVED SOURCE,1,0.0006,1.0,0.2575,3.88,0.0023
Bakery,60,PREVIOUS CORE VIOLATION CORRECTED,98,0.058,0.8367,0.2224,3.76,0.1881
Bakery,59,PREVIOUS PRIORITY FOUNDATION VIOLATION CORRECTED,21,0.0124,0.9048,0.2499,3.62,0.0436
Bakery,48,"WAREWASHING FACILITIES: INSTALLED, MAINTAINED & USED; TEST STRIPS",196,0.116,0.6735,0.2035,3.31,0.3028
Bakery,52,SEWAGE & WASTE WATER PROPERLY DISPOSED,48,0.0284,0.7708,0.243,3.17,0.0849
Bakery,50,HOT & COLD WATER AVAILABLE; ADEQUATE PRESSURE,24,0.0142,0.7917,0.2503,3.16,0.0436
Bakery,33,PROPER COOLING METHODS USED; ADEQUATE EQUIPMENT FOR TEMPERATURE CONTROL,58,0.0343,0.7414,0.2408,3.08,0.0986
Bakery,54,GARBAGE & REFUSE PROPERLY DISPOSED; FACILITIES MAINTAINED,72,0.0426,0.6806,0.2392,2.85,0.1124
Bakery,21,PROPER HOT HOLDING TEMPERATURES,14,0.0083,0.7143,0.2542,2.81,0.0229
Bakery,10,ADEQUATE HANDWASHING SINKS PROPERLY SUPPLIED AND ACCESSIBLE,344,0.2036,0.5145,0.1924,2.67,0.406
Bakery,22,PROPER COLD HOLDING TEMPERATURES,75,0.0444,0.64,0.2402,2.66,0.1101
Bakery,1,"PERSON IN CHARGE PRESENT, DEMONSTRATES KNOWLEDGE, AND PERFORMS DUTIES",76,0.045,0.6184,0.241,2.57,0.1078
Bakery,8,HANDS CLEAN & PROPERLY WASHED,11,0.0065,0.6364,0.2555,2.49,0.0161
Bakery,2,CITY OF CHICAGO FOOD SERVICE SANITATION CERTIFICATE,172,0.1018,0.5523,0.2246,2.46,0.2179
Bakery,13,"FOOD IN GOOD CONDITION, SAFE, & UNADULTERATED",5,0.003,0.6,0.257,2.33,0.0069
Bakery,9,NO BARE HAND CONTACT WITH RTE FOOD OR A PRE-APPROVED ALTERNATIVE PROCEDURE PROPERLY ALLOWED,12,0.0071,0.5833,0.2557,2.28,0.0161
Bakery,36,THERMOMETERS PROVIDED & ACCURATE,187,0.1107,0.508,0.2269,2.24,0.2179
Bakery,25,CONSUMER ADVISORY PROVIDED FOR RAW/UNDERCOOKED FOOD,16,0.0095,0.5625,0.2551,2.21,0.0206
Bakery,15,FOOD SEPARATED AND PROTECTED,9,0.0053,0.5556,0.2564,2.17,0.0115
Bakery,39,"CONTAMINATION PREVENTED DURING FOOD PREPARATION, STORAGE & DISPLAY",240,0.142,0.4625,0.2241,2.06,0.2546
Bakery,6,"PROPER EATING, TASTING, DRINKING, OR TOBACCO USE",16,0.0095,0.5,0.2557,1.96,0.0183
Bakery,24,TIME AS A PUBLIC HEALTH CONTROL; PROCEDURES & RECORDS,8,0.0047,0.5,0.2568,1.95,0.0092
Bakery,62,COMPLIANCE WITH CLEAN INDOOR AIR ORDINANCE,2,0.0012,0.5,0.2577,1.94,0.0023
Bakery,61,SUMMARY REPORT DISPLAYED AND VISIBLE TO THE PUBLIC,29,0.0172,0.4828,0.2541,1.9,0.0321
Bakery,49,NON-FOOD/FOOD CONTACT SURFACES CLEAN,465,0.2751,0.3892,0.2082,1.87,0.4151
Bakery,57,ALL FOOD EMPLOYEES HAVE FOOD HANDLER TRAINING,326,0.1929,0.411,0.2214,1.86,0.3073
Bakery,55,"PHYSICAL FACILITIES INSTALLED, MAINTAINED & CLEAN",864,0.5112,0.3333,0.1792,1.86,0.6606
Bakery,29,COMPLIANCE WITH VARIANCE/SPECIALIZED PROCESS/HACCP,13,0.0077,0.4615,0.2564,1.8,0.0138
Bakery,5,PROCEDURES FOR RESPONDING TO VOMITING AND DIARRHEAL EVENTS,401,0.2373,0.384,0.2188,1.76,0.3532
Bakery,32,VARIANCE OBTAINED FOR SPECIALIZED PROCESSING METHODS,9,0.0053,0.4444,0.257,1.73,0.0092
Bakery,3,"MANAGEMENT, FOOD EMPLOYEE AND CONDITIONAL EMPLOYEE; KNOWLEDGE, RESPONSIBILITIES AND REPORTING",401,0.2373,0.3766,0.2211,1.7,0.3463
Bakery,47,"FOOD & NON-FOOD CONTACT SURFACES CLEANABLE, PROPERLY DESIGNED, CONSTRUCTED & USED",481,0.2846,0.3659,0.2151,1.7,0.4037
Bakery,56,ADEQUATE VENTILATION & LIGHTING; DESIGNATED AREAS USED,368,0.2178,0.3777,0.2247,1.68,0.3188
Bakery,28,"TOXIC SUBSTANCES PROPERLY IDENTIFIED, STORED, & USED",14,0.0083,0.4286,0.2566,1.67,0.0138
Bakery,16,FOOD-CONTACT SURFACES: CLEANED & SANITIZED,78,0.0462,0.4103,0.2506,1.64,0.0734
Bakery,37,FOOD PROPERLY LABELED; ORIGINAL CONTAINER,395,0.2337,0.3671,0.2247,1.63,0.3326
Bakery,51,PLUMBING INSTALLED; PROPER BACKFLOW DEVICES,370,0.2189,0.3676,0.2273,1.62,0.3119
Bakery,41,WIPING CLOTHS: PROPERLY USED & STORED,133,0.0787,0.391,0.2466,1.59,0.1193
Bakery,46,GLOVES USED PROPERLY,5,0.003,0.4,0.2576,1.55,0.0046
Bakery,53,"TOILET FACILITIES: PROPERLY CONSTRUCTED, SUPPLIED, & CLEANED",294,0.174,0.3639,0.2357,1.54,0.2454
Bakery,43,IN-USE UTENSILS: PROPERLY STORED,44,0.026,0.3864,0.2546,1.52,0.039
Bakery,40,PERSONAL CLEANLINESS,121,0.0716,0.3636,0.2498,1.46,0.1009
Bakery,44,"UTENSILS, EQUIPMENT & LINENS: PROPERLY STORED, DRIED, & HANDLED",63,0.0373,0.3651,0.2538,1.44,0.0528
Bakery,35,APPROVED THAWING METHODS USED,3,0.0018,0.3333,0.2579,1.29,0.0023
Bakery,23,PROPER DATE MARKING AND DISPOSITION,99,0.0586,0.3232,0.2539,1.27,0.0734
Bakery,58,ALLERGEN TRAINING AS REQUIRED,186,0.1101,0.3172,0.2507,1.27,0.1353
Bakery,45,SINGLE-USE/SINGLE-SERVICE ARTICLES: PROPERLY STORED & USED,54,0.032,0.3148,0.2561,1.23,0.039
Bakery,64,MISCELLANEOUS / PUBLIC HEALTH ORDERS,10,0.0059,0.3,0.2577,1.16,0.0069
Bakery,63,REMOVAL OF SUSPENSION SIGN,2,0.0012,0.0,0.2583,0.0,0.0
Bar / tavern / liquor,38,"INSECTS, RODENTS, & ANIMALS NOT PRESENT",193,0.2842,0.7358,0.1543,4.77,0.6544
Bar / tavern / liquor,48,"WAREWASHING FACILITIES: INSTALLED, MAINTAINED & USED; TEST STRIPS",83,0.1222,0.8675,0.2433,3.57,0.3318
Bar / tavern / liquor,54,GARBAGE & REFUSE PROPERLY DISPOSED; FACILITIES MAINTAINED,42,0.0619,0.9048,0.281,3.22,0.1751
Bar / tavern / liquor,60,PREVIOUS CORE VIOLATION CORRECTED,8,0.0118,1.0,0.3115,3.21,0.0369
Bar / tavern / liquor,15,FOOD SEPARATED AND PROTECTED,3,0.0044,1.0,0.3166,3.16,0.0138
Bar / tavern / liquor,28,"TOXIC SUBSTANCES PROPERLY IDENTIFIED, STORED, & USED",2,0.0029,1.0,0.3176,3.15,0.0092
Bar / tavern / liquor,13,"FOOD IN GOOD CONDITION, SAFE, & UNADULTERATED",1,0.0015,1.0,0.3186,3.14,0.0046
Bar / tavern / liquor,19,PROPER REHEATING PROCEDURES FOR HOT HOLDING,1,0.0015,1.0,0.3186,3.14,0.0046
Bar / tavern / liquor,11,FOOD OBTAINED FROM APPROVED SOURCE,1,0.0015,1.0,0.3186,3.14,0.0046
Bar / tavern / liquor,50,HOT & COLD WATER AVAILABLE; ADEQUATE PRESSURE,13,0.0191,0.9231,0.3078,3.0,0.0553
Bar / tavern / liquor,10,ADEQUATE HANDWASHING SINKS PROPERLY SUPPLIED AND ACCESSIBLE,165,0.243,0.6424,0.216,2.97,0.4885
Bar / tavern / liquor,16,FOOD-CONTACT SURFACES: CLEANED & SANITIZED,47,0.0692,0.8085,0.2832,2.85,0.1751
Bar / tavern / liquor,5,PROCEDURES FOR RESPONDING TO VOMITING AND DIARRHEAL EVENTS,240,0.3535,0.5375,0.2005,2.68,0.5945
Bar / tavern / liquor,62,COMPLIANCE WITH CLEAN INDOOR AIR ORDINANCE,5,0.0074,0.8,0.316,2.53,0.0184
Bar / tavern / liquor,33,PROPER COOLING METHODS USED; ADEQUATE EQUIPMENT FOR TEMPERATURE CONTROL,13,0.0191,0.7692,0.3108,2.47,0.0461
Bar / tavern / liquor,59,PREVIOUS PRIORITY FOUNDATION VIOLATION CORRECTED,12,0.0177,0.75,0.3118,2.41,0.0415
Bar / tavern / liquor,1,"PERSON IN CHARGE PRESENT, DEMONSTRATES KNOWLEDGE, AND PERFORMS DUTIES",8,0.0118,0.75,0.3145,2.39,0.0276
Bar / tavern / liquor,36,THERMOMETERS PROVIDED & ACCURATE,36,0.053,0.6944,0.2986,2.33,0.1152
Bar / tavern / liquor,49,NON-FOOD/FOOD CONTACT SURFACES CLEAN,57,0.0839,0.6491,0.2894,2.24,0.1705
Bar / tavern / liquor,43,IN-USE UTENSILS: PROPERLY STORED,13,0.0191,0.6923,0.3123,2.22,0.0415
Bar / tavern / liquor,52,SEWAGE & WASTE WATER PROPERLY DISPOSED,15,0.0221,0.6667,0.3117,2.14,0.0461
Bar / tavern / liquor,3,"MANAGEMENT, FOOD EMPLOYEE AND CONDITIONAL EMPLOYEE; KNOWLEDGE, RESPONSIBILITIES AND REPORTING",128,0.1885,0.5547,0.265,2.09,0.3272
Bar / tavern / liquor,55,"PHYSICAL FACILITIES INSTALLED, MAINTAINED & CLEAN",250,0.3682,0.476,0.2284,2.08,0.5484
Bar / tavern / liquor,56,ADEQUATE VENTILATION & LIGHTING; DESIGNATED AREAS USED,75,0.1105,0.56,0.2897,1.93,0.1935
Bar / tavern / liquor,61,SUMMARY REPORT DISPLAYED AND VISIBLE TO THE PUBLIC,5,0.0074,0.6,0.3175,1.89,0.0138
Bar / tavern / liquor,51,PLUMBING INSTALLED; PROPER BACKFLOW DEVICES,144,0.2121,0.5069,0.2692,1.88,0.3364
Bar / tavern / liquor,39,"CONTAMINATION PREVENTED DURING FOOD PREPARATION, STORAGE & DISPLAY",37,0.0545,0.5676,0.3053,1.86,0.0968
Bar / tavern / liquor,47,"FOOD & NON-FOOD CONTACT SURFACES CLEANABLE, PROPERLY DESIGNED, CONSTRUCTED & USED",69,0.1016,0.5362,0.2951,1.82,0.1705
Bar / tavern / liquor,57,ALL FOOD EMPLOYEES HAVE FOOD HANDLER TRAINING,41,0.0604,0.5366,0.3056,1.76,0.1014
Bar / tavern / liquor,2,CITY OF CHICAGO FOOD SERVICE SANITATION CERTIFICATE,13,0.0191,0.5385,0.3153,1.71,0.0323
Bar / tavern / liquor,58,ALLERGEN TRAINING AS REQUIRED,4,0.0059,0.5,0.3185,1.57,0.0092
Bar / tavern / liquor,37,FOOD PROPERLY LABELED; ORIGINAL CONTAINER,6,0.0088,0.5,0.318,1.57,0.0138
Bar / tavern / liquor,23,PROPER DATE MARKING AND DISPOSITION,2,0.0029,0.5,0.3191,1.57,0.0046
Bar / tavern / liquor,22,PROPER COLD HOLDING TEMPERATURES,2,0.0029,0.5,0.3191,1.57,0.0046
Bar / tavern / liquor,53,"TOILET FACILITIES: PROPERLY CONSTRUCTED, SUPPLIED, & CLEANED",147,0.2165,0.4422,0.2857,1.55,0.2995
Bar / tavern / liquor,45,SINGLE-USE/SINGLE-SERVICE ARTICLES: PROPERLY STORED & USED,7,0.0103,0.4286,0.3185,1.35,0.0138
Bar / tavern / liquor,25,CONSUMER ADVISORY PROVIDED FOR RAW/UNDERCOOKED FOOD,3,0.0044,0.3333,0.3195,1.04,0.0046
Bar / tavern / liquor,44,"UTENSILS, EQUIPMENT & LINENS: PROPERLY STORED, DRIED, & HANDLED",3,0.0044,0.3333,0.3195,1.04,0.0046
Bar / tavern / liquor,64,MISCELLANEOUS / PUBLIC HEALTH ORDERS,4,0.0059,0.25,0.32,0.78,0.0046
Catering,38,"INSECTS, RODENTS, & ANIMALS NOT PRESENT",107,0.1501,0.5888,0.0941,6.26,0.525
Catering,20,PROPER COOLING TIME AND TEMPERATURE,1,0.0014,1.0,0.1671,5.98,0.0083
Catering,50,HOT & COLD WATER AVAILABLE; ADEQUATE PRESSURE,8,0.0112,0.875,0.1603,5.46,0.0583
Catering,54,GARBAGE & REFUSE PROPERLY DISPOSED; FACILITIES MAINTAINED,30,0.0421,0.7,0.1449,4.83,0.175
Catering,48,"WAREWASHING FACILITIES: INSTALLED, MAINTAINED & USED; TEST STRIPS",47,0.0659,0.6383,0.1351,4.72,0.25
Catering,59,PREVIOUS PRIORITY FOUNDATION VIOLATION CORRECTED,4,0.0056,0.75,0.165,4.54,0.025
Catering,60,PREVIOUS CORE VIOLATION CORRECTED,32,0.0449,0.625,0.1468,4.26,0.1667
Catering,21,PROPER HOT HOLDING TEMPERATURES,3,0.0042,0.6667,0.1662,4.01,0.0167
Catering,28,"TOXIC SUBSTANCES PROPERLY IDENTIFIED, STORED, & USED",3,0.0042,0.6667,0.1662,4.01,0.0167
Catering,10,ADEQUATE HANDWASHING SINKS PROPERLY SUPPLIED AND ACCESSIBLE,122,0.1711,0.4426,0.1117,3.96,0.45
Catering,33,PROPER COOLING METHODS USED; ADEQUATE EQUIPMENT FOR TEMPERATURE CONTROL,6,0.0084,0.5,0.1655,3.02,0.025
Catering,1,"PERSON IN CHARGE PRESENT, DEMONSTRATES KNOWLEDGE, AND PERFORMS DUTIES",16,0.0224,0.4375,0.1621,2.7,0.0583
Catering,43,IN-USE UTENSILS: PROPERLY STORED,7,0.0098,0.4286,0.1657,2.59,0.025
Catering,8,HANDS CLEAN & PROPERLY WASHED,5,0.007,0.4,0.1667,2.4,0.0167
Catering,22,PROPER COLD HOLDING TEMPERATURES,21,0.0295,0.381,0.1618,2.35,0.0667
Catering,29,COMPLIANCE WITH VARIANCE/SPECIALIZED PROCESS/HACCP,8,0.0112,0.375,0.166,2.26,0.025
Catering,16,FOOD-CONTACT SURFACES: CLEANED & SANITIZED,40,0.0561,0.35,0.1575,2.22,0.1167
Catering,25,CONSUMER ADVISORY PROVIDED FOR RAW/UNDERCOOKED FOOD,11,0.0154,0.3636,0.1652,2.2,0.0333
Catering,2,CITY OF CHICAGO FOOD SERVICE SANITATION CERTIFICATE,46,0.0645,0.3261,0.1574,2.07,0.125
Catering,53,"TOILET FACILITIES: PROPERLY CONSTRUCTED, SUPPLIED, & CLEANED",102,0.1431,0.2941,0.1473,2.0,0.25
Catering,32,VARIANCE OBTAINED FOR SPECIALIZED PROCESSING METHODS,3,0.0042,0.3333,0.1676,1.99,0.0083
Catering,52,SEWAGE & WASTE WATER PROPERLY DISPOSED,3,0.0042,0.3333,0.1676,1.99,0.0083
Catering,9,NO BARE HAND CONTACT WITH RTE FOOD OR A PRE-APPROVED ALTERNATIVE PROCEDURE PROPERLY ALLOWED,3,0.0042,0.3333,0.1676,1.99,0.0083
Catering,61,SUMMARY REPORT DISPLAYED AND VISIBLE TO THE PUBLIC,3,0.0042,0.3333,0.1676,1.99,0.0083
Catering,39,"CONTAMINATION PREVENTED DURING FOOD PREPARATION, STORAGE & DISPLAY",42,0.0589,0.3095,0.1595,1.94,0.1083
Catering,36,THERMOMETERS PROVIDED & ACCURATE,39,0.0547,0.3077,0.1602,1.92,0.1
Catering,44,"UTENSILS, EQUIPMENT & LINENS: PROPERLY STORED, DRIED, & HANDLED",29,0.0407,0.3103,0.1623,1.91,0.075
Catering,23,PROPER DATE MARKING AND DISPOSITION,33,0.0463,0.303,0.1618,1.87,0.0833
Catering,51,PLUMBING INSTALLED; PROPER BACKFLOW DEVICES,158,0.2216,0.2532,0.1441,1.76,0.3333
Catering,55,"PHYSICAL FACILITIES INSTALLED, MAINTAINED & CLEAN",349,0.4895,0.212,0.1264,1.68,0.6167
Catering,49,NON-FOOD/FOOD CONTACT SURFACES CLEAN,127,0.1781,0.252,0.1502,1.68,0.2667
Catering,37,FOOD PROPERLY LABELED; ORIGINAL CONTAINER,60,0.0842,0.2667,0.1593,1.67,0.1333
Catering,47,"FOOD & NON-FOOD CONTACT SURFACES CLEANABLE, PROPERLY DESIGNED, CONSTRUCTED & USED",141,0.1978,0.2411,0.1503,1.6,0.2833
Catering,56,ADEQUATE VENTILATION & LIGHTING; DESIGNATED AREAS USED,134,0.1879,0.2388,0.152,1.57,0.2667
Catering,41,WIPING CLOTHS: PROPERLY USED & STORED,24,0.0337,0.25,0.1655,1.51,0.05
Catering,15,FOOD SEPARATED AND PROTECTED,4,0.0056,0.25,0.1678,1.49,0.0083
Catering,58,ALLERGEN TRAINING AS REQUIRED,148,0.2076,0.223,0.154,1.45,0.275
Catering,3,"MANAGEMENT, FOOD EMPLOYEE AND CONDITIONAL EMPLOYEE; KNOWLEDGE, RESPONSIBILITIES AND REPORTING",105,0.1473,0.2286,0.1579,1.45,0.2
Catering,57,ALL FOOD EMPLOYEES HAVE FOOD HANDLER TRAINING,87,0.122,0.2299,0.1597,1.44,0.1667
Catering,40,PERSONAL CLEANLINESS,18,0.0252,0.2222,0.1669,1.33,0.0333
Catering,45,SINGLE-USE/SINGLE-SERVICE ARTICLES: PROPERLY STORED & USED,10,0.014,0.2,0.1679,1.19,0.0167
Catering,5,PROCEDURES FOR RESPONDING TO VOMITING AND DIARRHEAL EVENTS,105,0.1473,0.181,0.1661,1.09,0.1583
Catering,46,GLOVES USED PROPERLY,1,0.0014,0.0,0.1685,0.0,0.0
Catering,13,"FOOD IN GOOD CONDITION, SAFE, & UNADULTERATED",1,0.0014,0.0,0.1685,0.0,0.0
Catering,35,APPROVED THAWING METHODS USED,1,0.0014,0.0,0.1685,0.0,0.0
Catering,34,PLANT FOOD PROPERLY COOKED FOR HOT HOLDING,1,0.0014,0.0,0.1685,0.0,0.0
Catering,6,"PROPER EATING, TASTING, DRINKING, OR TOBACCO USE",1,0.0014,0.0,0.1685,0.0,0.0
Catering,14,"REQUIRED RECORDS AVAILABLE: SHELLSTOCK TAGS, PARASITE DESTRUCTION",1,0.0014,0.0,0.1685,0.0,0.0
Daycare / children's services,11,FOOD OBTAINED FROM APPROVED SOURCE,15,0.0019,1.0,0.1898,5.27,0.01
Daycare / children's services,32,VARIANCE OBTAINED FOR SPECIALIZED PROCESSING METHODS,1,0.0001,1.0,0.1912,5.23,0.0007
Daycare / children's services,60,PREVIOUS CORE VIOLATION CORRECTED,130,0.0166,0.9308,0.1789,5.2,0.0806
Daycare / children's services,59,PREVIOUS PRIORITY FOUNDATION VIOLATION CORRECTED,65,0.0083,0.9385,0.1851,5.07,0.0406
Daycare / children's services,50,HOT & COLD WATER AVAILABLE; ADEQUATE PRESSURE,117,0.0149,0.8974,0.1806,4.97,0.07
Daycare / children's services,38,"INSECTS, RODENTS, & ANIMALS NOT PRESENT",1166,0.1486,0.5635,0.1264,4.46,0.4377
Daycare / children's services,48,"WAREWASHING FACILITIES: INSTALLED, MAINTAINED & USED; TEST STRIPS",457,0.0583,0.7068,0.1594,4.43,0.2152
Daycare / children's services,8,HANDS CLEAN & PROPERLY WASHED,5,0.0006,0.8,0.1909,4.19,0.0027
Daycare / children's services,1,"PERSON IN CHARGE PRESENT, DEMONSTRATES KNOWLEDGE, AND PERFORMS DUTIES",265,0.0338,0.717,0.173,4.15,0.1266
Daycare / children's services,2,CITY OF CHICAGO FOOD SERVICE SANITATION CERTIFICATE,581,0.0741,0.6437,0.1551,4.15,0.2492
Daycare / children's services,10,ADEQUATE HANDWASHING SINKS PROPERLY SUPPLIED AND ACCESSIBLE,1010,0.1287,0.5158,0.1434,3.6,0.3471
Daycare / children's services,54,GARBAGE & REFUSE PROPERLY DISPOSED; FACILITIES MAINTAINED,298,0.038,0.6275,0.1741,3.6,0.1246
Daycare / children's services,33,PROPER COOLING METHODS USED; ADEQUATE EQUIPMENT FOR TEMPERATURE CONTROL,154,0.0196,0.6169,0.1828,3.37,0.0633
Daycare / children's services,52,SEWAGE & WASTE WATER PROPERLY DISPOSED,99,0.0126,0.5657,0.1865,3.03,0.0373
Daycare / children's services,16,FOOD-CONTACT SURFACES: CLEANED & SANITIZED,140,0.0178,0.5571,0.1847,3.02,0.052
Daycare / children's services,21,PROPER HOT HOLDING TEMPERATURES,39,0.005,0.5641,0.1895,2.98,0.0147
Daycare / children's services,28,"TOXIC SUBSTANCES PROPERLY IDENTIFIED, STORED, & USED",16,0.002,0.5,0.1907,2.62,0.0053
Daycare / children's services,46,GLOVES USED PROPERLY,2,0.0003,0.5,0.1913,2.61,0.0007
Daycare / children's services,36,THERMOMETERS PROVIDED & ACCURATE,529,0.0674,0.4178,0.175,2.39,0.1472
Daycare / children's services,12,FOOD RECEIVED AT PROPER TEMPERATURE,7,0.0009,0.4286,0.1911,2.24,0.002
Daycare / children's services,22,PROPER COLD HOLDING TEMPERATURES,141,0.018,0.4184,0.1872,2.24,0.0393
Daycare / children's services,61,SUMMARY REPORT DISPLAYED AND VISIBLE TO THE PUBLIC,34,0.0043,0.3824,0.1905,2.01,0.0087
Daycare / children's services,37,FOOD PROPERLY LABELED; ORIGINAL CONTAINER,197,0.0251,0.3553,0.1871,1.9,0.0466
Daycare / children's services,49,NON-FOOD/FOOD CONTACT SURFACES CLEAN,777,0.099,0.3333,0.1757,1.9,0.1726
Daycare / children's services,39,"CONTAMINATION PREVENTED DURING FOOD PREPARATION, STORAGE & DISPLAY",286,0.0365,0.3462,0.1855,1.87,0.066
Daycare / children's services,55,"PHYSICAL FACILITIES INSTALLED, MAINTAINED & CLEAN",3270,0.4168,0.2566,0.1447,1.77,0.559
Daycare / children's services,57,ALL FOOD EMPLOYEES HAVE FOOD HANDLER TRAINING,201,0.0256,0.3284,0.1877,1.75,0.044
Daycare / children's services,62,COMPLIANCE WITH CLEAN INDOOR AIR ORDINANCE,3,0.0004,0.3333,0.1913,1.74,0.0007
Daycare / children's services,44,"UTENSILS, EQUIPMENT & LINENS: PROPERLY STORED, DRIED, & HANDLED",237,0.0302,0.3249,0.1872,1.74,0.0513
Daycare / children's services,51,PLUMBING INSTALLED; PROPER BACKFLOW DEVICES,1395,0.1778,0.2846,0.1712,1.66,0.2645
Daycare / children's services,56,ADEQUATE VENTILATION & LIGHTING; DESIGNATED AREAS USED,1103,0.1406,0.2847,0.1761,1.62,0.2092
Daycare / children's services,53,"TOILET FACILITIES: PROPERLY CONSTRUCTED, SUPPLIED, & CLEANED",851,0.1085,0.2879,0.1796,1.6,0.1632
Daycare / children's services,3,"MANAGEMENT, FOOD EMPLOYEE AND CONDITIONAL EMPLOYEE; KNOWLEDGE, RESPONSIBILITIES AND REPORTING",948,0.1208,0.2816,0.1789,1.57,0.1779
Daycare / children's services,47,"FOOD & NON-FOOD CONTACT SURFACES CLEANABLE, PROPERLY DESIGNED, CONSTRUCTED & USED",829,0.1057,0.2811,0.1807,1.56,0.1552
Daycare / children's services,5,PROCEDURES FOR RESPONDING TO VOMITING AND DIARRHEAL EVENTS,1098,0.14,0.2687,0.1787,1.5,0.1965
Daycare / children's services,23,PROPER DATE MARKING AND DISPOSITION,84,0.0107,0.25,0.1907,1.31,0.014
Daycare / children's services,45,SINGLE-USE/SINGLE-SERVICE ARTICLES: PROPERLY STORED & USED,147,0.0187,0.2449,0.1903,1.29,0.024
Daycare / children's services,40,PERSONAL CLEANLINESS,104,0.0133,0.2308,0.1908,1.21,0.016
Daycare / children's services,41,WIPING CLOTHS: PROPERLY USED & STORED,124,0.0158,0.2258,0.1908,1.18,0.0187
Daycare / children's services,58,ALLERGEN TRAINING AS REQUIRED,29,0.0037,0.2069,0.1913,1.08,0.004
Daycare / children's services,35,APPROVED THAWING METHODS USED,31,0.004,0.1935,0.1913,1.01,0.004
Daycare / children's services,43,IN-USE UTENSILS: PROPERLY STORED,22,0.0028,0.1818,0.1914,0.95,0.0027
Daycare / children's services,15,FOOD SEPARATED AND PROTECTED,6,0.0008,0.1667,0.1914,0.87,0.0007
Daycare / children's services,26,PASTEURIZED FOODS USED; PROHIBITED FOODS NOT OFFERED,3,0.0004,0.0,0.1914,0.0,0.0
Daycare / children's services,9,NO BARE HAND CONTACT WITH RTE FOOD OR A PRE-APPROVED ALTERNATIVE PROCEDURE PROPERLY ALLOWED,1,0.0001,0.0,0.1914,0.0,0.0
Daycare / children's services,19,PROPER REHEATING PROCEDURES FOR HOT HOLDING,1,0.0001,0.0,0.1914,0.0,0.0
Daycare / children's services,30,PASTEURIZED EGGS USED WHERE REQUIRED,1,0.0001,0.0,0.1914,0.0,0.0
Daycare / children's services,20,PROPER COOLING TIME AND TEMPERATURE,1,0.0001,0.0,0.1914,0.0,0.0
Daycare / children's services,4,PROPER USE OF RESTRICTION AND EXCLUSION,1,0.0001,0.0,0.1914,0.0,0.0
Daycare / children's services,7,"NO DISCHARGE FROM EYES, NOSE, AND MOUTH",1,0.0001,0.0,0.1914,0.0,0.0
Daycare / children's services,25,CONSUMER ADVISORY PROVIDED FOR RAW/UNDERCOOKED FOOD,1,0.0001,0.0,0.1914,0.0,0.0
Daycare / children's services,6,"PROPER EATING, TASTING, DRINKING, OR TOBACCO USE",4,0.0005,0.0,0.1914,0.0,0.0
Daycare / children's services,64,MISCELLANEOUS / PUBLIC HEALTH ORDERS,2,0.0003,0.0,0.1914,0.0,0.0
Daycare / children's services,63,REMOVAL OF SUSPENSION SIGN,2,0.0003,0.0,0.1914,0.0,0.0
Grocery store,38,"INSECTS, RODENTS, & ANIMALS NOT PRESENT",2840,0.2239,0.6261,0.1448,4.32,0.5549
Grocery store,63,REMOVAL OF SUSPENSION SIGN,2,0.0002,1.0,0.2524,3.96,0.0006
Grocery store,18,PROPER COOKING TIME & TEMPERATURES,2,0.0002,1.0,0.2524,3.96,0.0006
Grocery store,60,PREVIOUS CORE VIOLATION CORRECTED,433,0.0341,0.8961,0.2298,3.9,0.1211
Grocery store,59,PREVIOUS PRIORITY FOUNDATION VIOLATION CORRECTED,200,0.0158,0.91,0.242,3.76,0.0568
Grocery store,50,HOT & COLD WATER AVAILABLE; ADEQUATE PRESSURE,236,0.0186,0.8559,0.2411,3.55,0.063
Grocery store,48,"WAREWASHING FACILITIES: INSTALLED, MAINTAINED & USED; TEST STRIPS",1135,0.0895,0.6872,0.2098,3.28,0.2434
Grocery store,62,COMPLIANCE WITH CLEAN INDOOR AIR ORDINANCE,46,0.0036,0.7174,0.2509,2.86,0.0103
Grocery store,19,PROPER REHEATING PROCEDURES FOR HOT HOLDING,7,0.0006,0.7143,0.2523,2.83,0.0016
Grocery store,33,PROPER COOLING METHODS USED; ADEQUATE EQUIPMENT FOR TEMPERATURE CONTROL,529,0.0417,0.6616,0.2347,2.82,0.1092
Grocery store,13,"FOOD IN GOOD CONDITION, SAFE, & UNADULTERATED",92,0.0073,0.6957,0.2493,2.79,0.02
Grocery store,28,"TOXIC SUBSTANCES PROPERLY IDENTIFIED, STORED, & USED",66,0.0052,0.697,0.2502,2.79,0.0144
Grocery store,10,ADEQUATE HANDWASHING SINKS PROPERLY SUPPLIED AND ACCESSIBLE,2593,0.2044,0.5133,0.1856,2.77,0.4154
Grocery store,54,GARBAGE & REFUSE PROPERLY DISPOSED; FACILITIES MAINTAINED,846,0.0667,0.6217,0.2262,2.75,0.1642
Grocery store,17,"PROPER DISPOSITION OF RETURNED, PREVIOUSLY SERVED, RECONDITIONED & UNSAFE FOOD",3,0.0002,0.6667,0.2524,2.64,0.0006
Grocery store,24,TIME AS A PUBLIC HEALTH CONTROL; PROCEDURES & RECORDS,3,0.0002,0.6667,0.2524,2.64,0.0006
Grocery store,52,SEWAGE & WASTE WATER PROPERLY DISPOSED,290,0.0229,0.6138,0.2441,2.51,0.0556
Grocery store,15,FOOD SEPARATED AND PROTECTED,75,0.0059,0.6133,0.2504,2.45,0.0144
Grocery store,1,"PERSON IN CHARGE PRESENT, DEMONSTRATES KNOWLEDGE, AND PERFORMS DUTIES",556,0.0438,0.5773,0.2377,2.43,0.1002
Grocery store,11,FOOD OBTAINED FROM APPROVED SOURCE,32,0.0025,0.5938,0.2517,2.36,0.0059
Grocery store,9,NO BARE HAND CONTACT WITH RTE FOOD OR A PRE-APPROVED ALTERNATIVE PROCEDURE PROPERLY ALLOWED,24,0.0019,0.5833,0.2519,2.32,0.0044
Grocery store,2,CITY OF CHICAGO FOOD SERVICE SANITATION CERTIFICATE,1071,0.0844,0.5145,0.2284,2.25,0.172
Grocery store,64,MISCELLANEOUS / PUBLIC HEALTH ORDERS,75,0.0059,0.56,0.2507,2.23,0.0131
Grocery store,16,FOOD-CONTACT SURFACES: CLEANED & SANITIZED,540,0.0426,0.5111,0.241,2.12,0.0861
Grocery store,36,THERMOMETERS PROVIDED & ACCURATE,1827,0.144,0.4592,0.2178,2.11,0.2619
Grocery store,34,PLANT FOOD PROPERLY COOKED FOR HOT HOLDING,2,0.0002,0.5,0.2525,1.98,0.0003
Grocery store,22,PROPER COLD HOLDING TEMPERATURES,585,0.0461,0.4735,0.2419,1.96,0.0865
Grocery store,8,HANDS CLEAN & PROPERLY WASHED,61,0.0048,0.4918,0.2514,1.96,0.0094
Grocery store,3,"MANAGEMENT, FOOD EMPLOYEE AND CONDITIONAL EMPLOYEE; KNOWLEDGE, RESPONSIBILITIES AND REPORTING",2173,0.1713,0.4183,0.2183,1.92,0.2837
Grocery store,21,PROPER HOT HOLDING TEMPERATURES,227,0.0179,0.467,0.2486,1.88,0.0331
Grocery store,5,PROCEDURES FOR RESPONDING TO VOMITING AND DIARRHEAL EVENTS,3320,0.2617,0.3804,0.2072,1.84,0.3942
Grocery store,25,CONSUMER ADVISORY PROVIDED FOR RAW/UNDERCOOKED FOOD,134,0.0106,0.4403,0.2505,1.76,0.0184
Grocery store,55,"PHYSICAL FACILITIES INSTALLED, MAINTAINED & CLEAN",7056,0.5562,0.3114,0.1788,1.74,0.6857
Grocery store,57,ALL FOOD EMPLOYEES HAVE FOOD HANDLER TRAINING,1680,0.1324,0.3923,0.2312,1.7,0.2057
Grocery store,44,"UTENSILS, EQUIPMENT & LINENS: PROPERLY STORED, DRIED, & HANDLED",264,0.0208,0.4242,0.2489,1.7,0.035
Grocery store,45,SINGLE-USE/SINGLE-SERVICE ARTICLES: PROPERLY STORED & USED,357,0.0281,0.4174,0.2478,1.68,0.0465
Grocery store,49,NON-FOOD/FOOD CONTACT SURFACES CLEAN,3547,0.2796,0.3541,0.2131,1.66,0.392
Grocery store,39,"CONTAMINATION PREVENTED DURING FOOD PREPARATION, STORAGE & DISPLAY",1287,0.1014,0.3893,0.2371,1.64,0.1564
Grocery store,14,"REQUIRED RECORDS AVAILABLE: SHELLSTOCK TAGS, PARASITE DESTRUCTION",97,0.0076,0.4124,0.2513,1.64,0.0125
Grocery store,29,COMPLIANCE WITH VARIANCE/SPECIALIZED PROCESS/HACCP,108,0.0085,0.4074,0.2512,1.62,0.0137
Grocery store,61,SUMMARY REPORT DISPLAYED AND VISIBLE TO THE PUBLIC,255,0.0201,0.4,0.2495,1.6,0.0318
Grocery store,53,"TOILET FACILITIES: PROPERLY CONSTRUCTED, SUPPLIED, & CLEANED",2289,0.1804,0.3639,0.228,1.6,0.26
Grocery store,46,GLOVES USED PROPERLY,25,0.002,0.4,0.2523,1.59,0.0031
Grocery store,23,PROPER DATE MARKING AND DISPOSITION,504,0.0397,0.3929,0.2467,1.59,0.0618
Grocery store,6,"PROPER EATING, TASTING, DRINKING, OR TOBACCO USE",50,0.0039,0.4,0.252,1.59,0.0062
Grocery store,51,PLUMBING INSTALLED; PROPER BACKFLOW DEVICES,2972,0.2343,0.3476,0.2235,1.56,0.3224
Grocery store,32,VARIANCE OBTAINED FOR SPECIALIZED PROCESSING METHODS,67,0.0053,0.3881,0.2518,1.54,0.0081
Grocery store,43,IN-USE UTENSILS: PROPERLY STORED,210,0.0166,0.3857,0.2503,1.54,0.0253
Grocery store,56,ADEQUATE VENTILATION & LIGHTING; DESIGNATED AREAS USED,2279,0.1796,0.348,0.2316,1.5,0.2475
Grocery store,37,FOOD PROPERLY LABELED; ORIGINAL CONTAINER,1162,0.0916,0.3597,0.2417,1.49,0.1305
Grocery store,41,WIPING CLOTHS: PROPERLY USED & STORED,644,0.0508,0.3571,0.2469,1.45,0.0718
Grocery store,47,"FOOD & NON-FOOD CONTACT SURFACES CLEANABLE, PROPERLY DESIGNED, CONSTRUCTED & USED",3617,0.2851,0.3207,0.2254,1.42,0.362
Grocery store,35,APPROVED THAWING METHODS USED,100,0.0079,0.35,0.2518,1.39,0.0109
Grocery store,40,PERSONAL CLEANLINESS,442,0.0348,0.3371,0.2495,1.35,0.0465
Grocery store,31,WATER & ICE FROM APPROVED SOURCE,3,0.0002,0.3333,0.2525,1.32,0.0003
Grocery store,20,PROPER COOLING TIME AND TEMPERATURE,13,0.001,0.3077,0.2525,1.22,0.0012
Grocery store,58,ALLERGEN TRAINING AS REQUIRED,520,0.041,0.3038,0.2503,1.21,0.0493
Grocery store,7,"NO DISCHARGE FROM EYES, NOSE, AND MOUTH",2,0.0002,0.0,0.2526,0.0,0.0
Grocery store,42,WASHING FRUITS & VEGETABLES,1,0.0001,0.0,0.2526,0.0,0.0
Grocery store,4,PROPER USE OF RESTRICTION AND EXCLUSION,2,0.0002,0.0,0.2526,0.0,0.0
Grocery store,30,PASTEURIZED EGGS USED WHERE REQUIRED,1,0.0001,0.0,0.2526,0.0,0.0
Grocery store,27,FOOD ADDITIVES: APPROVED AND PROPERLY USED,1,0.0001,0.0,0.2526,0.0,0.0
Hospital / long-term care,38,"INSECTS, RODENTS, & ANIMALS NOT PRESENT",358,0.1684,0.6453,0.1256,5.14,0.5099
Hospital / long-term care,60,PREVIOUS CORE VIOLATION CORRECTED,53,0.0249,0.9245,0.1949,4.74,0.1082
Hospital / long-term care,30,PASTEURIZED EGGS USED WHERE REQUIRED,1,0.0005,1.0,0.2127,4.7,0.0022
Hospital / long-term care,26,PASTEURIZED FOODS USED; PROHIBITED FOODS NOT OFFERED,1,0.0005,1.0,0.2127,4.7,0.0022
Hospital / long-term care,46,GLOVES USED PROPERLY,1,0.0005,1.0,0.2127,4.7,0.0022
Hospital / long-term care,59,PREVIOUS PRIORITY FOUNDATION VIOLATION CORRECTED,36,0.0169,0.8611,0.2019,4.26,0.0684
Hospital / long-term care,62,COMPLIANCE WITH CLEAN INDOOR AIR ORDINANCE,7,0.0033,0.8571,0.2109,4.06,0.0132
Hospital / long-term care,28,"TOXIC SUBSTANCES PROPERLY IDENTIFIED, STORED, & USED",6,0.0028,0.8333,0.2113,3.94,0.011
Hospital / long-term care,52,SEWAGE & WASTE WATER PROPERLY DISPOSED,49,0.023,0.7551,0.2003,3.77,0.0817
Hospital / long-term care,50,HOT & COLD WATER AVAILABLE; ADEQUATE PRESSURE,17,0.008,0.7647,0.2086,3.67,0.0287
Hospital / long-term care,48,"WAREWASHING FACILITIES: INSTALLED, MAINTAINED & USED; TEST STRIPS",93,0.0437,0.6989,0.1909,3.66,0.1435
Hospital / long-term care,10,ADEQUATE HANDWASHING SINKS PROPERLY SUPPLIED AND ACCESSIBLE,391,0.1839,0.4655,0.1562,2.98,0.4018
Hospital / long-term care,1,"PERSON IN CHARGE PRESENT, DEMONSTRATES KNOWLEDGE, AND PERFORMS DUTIES",75,0.0353,0.5867,0.1994,2.94,0.0971
Hospital / long-term care,8,HANDS CLEAN & PROPERLY WASHED,17,0.008,0.5882,0.2101,2.8,0.0221
Hospital / long-term care,16,FOOD-CONTACT SURFACES: CLEANED & SANITIZED,220,0.1035,0.5,0.18,2.78,0.2428
Hospital / long-term care,9,NO BARE HAND CONTACT WITH RTE FOOD OR A PRE-APPROVED ALTERNATIVE PROCEDURE PROPERLY ALLOWED,7,0.0033,0.5714,0.2119,2.7,0.0088
Hospital / long-term care,6,"PROPER EATING, TASTING, DRINKING, OR TOBACCO USE",7,0.0033,0.5714,0.2119,2.7,0.0088
Hospital / long-term care,22,PROPER COLD HOLDING TEMPERATURES,89,0.0419,0.5281,0.1993,2.65,0.1038
Hospital / long-term care,54,GARBAGE & REFUSE PROPERLY DISPOSED; FACILITIES MAINTAINED,110,0.0517,0.4909,0.1979,2.48,0.1192
Hospital / long-term care,33,PROPER COOLING METHODS USED; ADEQUATE EQUIPMENT FOR TEMPERATURE CONTROL,55,0.0259,0.4909,0.2057,2.39,0.0596
Hospital / long-term care,35,APPROVED THAWING METHODS USED,10,0.0047,0.5,0.2117,2.36,0.011
Hospital / long-term care,29,COMPLIANCE WITH VARIANCE/SPECIALIZED PROCESS/HACCP,2,0.0009,0.5,0.2128,2.35,0.0022
Hospital / long-term care,13,"FOOD IN GOOD CONDITION, SAFE, & UNADULTERATED",2,0.0009,0.5,0.2128,2.35,0.0022
Hospital / long-term care,15,FOOD SEPARATED AND PROTECTED,4,0.0019,0.5,0.2125,2.35,0.0044
Hospital / long-term care,20,PROPER COOLING TIME AND TEMPERATURE,2,0.0009,0.5,0.2128,2.35,0.0022
Hospital / long-term care,2,CITY OF CHICAGO FOOD SERVICE SANITATION CERTIFICATE,189,0.0889,0.4127,0.1936,2.13,0.1722
Hospital / long-term care,61,SUMMARY REPORT DISPLAYED AND VISIBLE TO THE PUBLIC,20,0.0094,0.45,0.2108,2.13,0.0199
Hospital / long-term care,3,"MANAGEMENT, FOOD EMPLOYEE AND CONDITIONAL EMPLOYEE; KNOWLEDGE, RESPONSIBILITIES AND REPORTING",241,0.1134,0.3859,0.191,2.02,0.2053
Hospital / long-term care,55,"PHYSICAL FACILITIES INSTALLED, MAINTAINED & CLEAN",1047,0.4925,0.2818,0.1464,1.92,0.6512
Hospital / long-term care,51,PLUMBING INSTALLED; PROPER BACKFLOW DEVICES,587,0.2761,0.322,0.1715,1.88,0.4172
Hospital / long-term care,5,PROCEDURES FOR RESPONDING TO VOMITING AND DIARRHEAL EVENTS,193,0.0908,0.3627,0.1981,1.83,0.1545
Hospital / long-term care,23,PROPER DATE MARKING AND DISPOSITION,58,0.0273,0.3793,0.2084,1.82,0.0486
Hospital / long-term care,56,ADEQUATE VENTILATION & LIGHTING; DESIGNATED AREAS USED,368,0.1731,0.3288,0.1889,1.74,0.2671
Hospital / long-term care,37,FOOD PROPERLY LABELED; ORIGINAL CONTAINER,110,0.0517,0.3545,0.2054,1.73,0.0861
Hospital / long-term care,36,THERMOMETERS PROVIDED & ACCURATE,65,0.0306,0.3538,0.2086,1.7,0.0508
Hospital / long-term care,49,NON-FOOD/FOOD CONTACT SURFACES CLEAN,570,0.2681,0.3018,0.1806,1.67,0.3797
Hospital / long-term care,53,"TOILET FACILITIES: PROPERLY CONSTRUCTED, SUPPLIED, & CLEANED",263,0.1237,0.3232,0.1975,1.64,0.1876
Hospital / long-term care,21,PROPER HOT HOLDING TEMPERATURES,23,0.0108,0.3478,0.2116,1.64,0.0177
Hospital / long-term care,40,PERSONAL CLEANLINESS,27,0.0127,0.3333,0.2115,1.58,0.0199
Hospital / long-term care,47,"FOOD & NON-FOOD CONTACT SURFACES CLEANABLE, PROPERLY DESIGNED, CONSTRUCTED & USED",487,0.2291,0.2875,0.191,1.51,0.3091
Hospital / long-term care,43,IN-USE UTENSILS: PROPERLY STORED,41,0.0193,0.3171,0.211,1.5,0.0287
Hospital / long-term care,41,WIPING CLOTHS: PROPERLY USED & STORED,58,0.0273,0.3103,0.2103,1.48,0.0397
Hospital / long-term care,57,ALL FOOD EMPLOYEES HAVE FOOD HANDLER TRAINING,118,0.0555,0.3051,0.2077,1.47,0.0795
Hospital / long-term care,39,"CONTAMINATION PREVENTED DURING FOOD PREPARATION, STORAGE & DISPLAY",139,0.0654,0.3022,0.2068,1.46,0.0927
Hospital / long-term care,45,SINGLE-USE/SINGLE-SERVICE ARTICLES: PROPERLY STORED & USED,39,0.0183,0.3077,0.2113,1.46,0.0265
Hospital / long-term care,44,"UTENSILS, EQUIPMENT & LINENS: PROPERLY STORED, DRIED, & HANDLED",48,0.0226,0.2708,0.2117,1.28,0.0287
Hospital / long-term care,58,ALLERGEN TRAINING AS REQUIRED,64,0.0301,0.2031,0.2134,0.95,0.0287
Hospital / long-term care,25,CONSUMER ADVISORY PROVIDED FOR RAW/UNDERCOOKED FOOD,9,0.0042,0.1111,0.2135,0.52,0.0022
Hospital / long-term care,27,FOOD ADDITIVES: APPROVED AND PROPERLY USED,1,0.0005,0.0,0.2132,0.0,0.0
Hospital / long-term care,17,"PROPER DISPOSITION OF RETURNED, PREVIOUSLY SERVED, RECONDITIONED & UNSAFE FOOD",1,0.0005,0.0,0.2132,0.0,0.0
Hospital / long-term care,32,VARIANCE OBTAINED FOR SPECIALIZED PROCESSING METHODS,2,0.0009,0.0,0.2133,0.0,0.0
Mobile food,50,HOT & COLD WATER AVAILABLE; ADEQUATE PRESSURE,80,0.0801,0.9125,0.1502,6.08,0.346
Mobile food,33,PROPER COOLING METHODS USED; ADEQUATE EQUIPMENT FOR TEMPERATURE CONTROL,67,0.0671,0.8806,0.1631,5.4,0.2796
Mobile food,60,PREVIOUS CORE VIOLATION CORRECTED,10,0.01,1.0,0.2032,4.92,0.0474
Mobile food,31,WATER & ICE FROM APPROVED SOURCE,7,0.007,1.0,0.2056,4.86,0.0332
Mobile food,25,CONSUMER ADVISORY PROVIDED FOR RAW/UNDERCOOKED FOOD,5,0.005,1.0,0.2072,4.83,0.0237
Mobile food,11,FOOD OBTAINED FROM APPROVED SOURCE,5,0.005,1.0,0.2072,4.83,0.0237
Mobile food,28,"TOXIC SUBSTANCES PROPERLY IDENTIFIED, STORED, & USED",4,0.004,1.0,0.208,4.81,0.019
Mobile food,23,PROPER DATE MARKING AND DISPOSITION,3,0.003,1.0,0.2088,4.79,0.0142
Mobile food,7,"NO DISCHARGE FROM EYES, NOSE, AND MOUTH",1,0.001,1.0,0.2104,4.75,0.0047
Mobile food,8,HANDS CLEAN & PROPERLY WASHED,1,0.001,1.0,0.2104,4.75,0.0047
Mobile food,63,REMOVAL OF SUSPENSION SIGN,1,0.001,1.0,0.2104,4.75,0.0047
Mobile food,21,PROPER HOT HOLDING TEMPERATURES,18,0.018,0.8889,0.1988,4.47,0.0758
Mobile food,48,"WAREWASHING FACILITIES: INSTALLED, MAINTAINED & USED; TEST STRIPS",64,0.0641,0.7656,0.1733,4.42,0.2322
Mobile food,2,CITY OF CHICAGO FOOD SERVICE SANITATION CERTIFICATE,35,0.035,0.7714,0.1909,4.04,0.128
Mobile food,52,SEWAGE & WASTE WATER PROPERLY DISPOSED,40,0.04,0.75,0.1887,3.97,0.1422
Mobile food,36,THERMOMETERS PROVIDED & ACCURATE,71,0.0711,0.6761,0.1756,3.85,0.2275
Mobile food,10,ADEQUATE HANDWASHING SINKS PROPERLY SUPPLIED AND ACCESSIBLE,58,0.0581,0.6724,0.1828,3.68,0.1848
Mobile food,61,SUMMARY REPORT DISPLAYED AND VISIBLE TO THE PUBLIC,11,0.011,0.7273,0.2055,3.54,0.0379
Mobile food,16,FOOD-CONTACT SURFACES: CLEANED & SANITIZED,40,0.04,0.675,0.1919,3.52,0.128
Mobile food,1,"PERSON IN CHARGE PRESENT, DEMONSTRATES KNOWLEDGE, AND PERFORMS DUTIES",13,0.013,0.6923,0.2049,3.38,0.0427
Mobile food,22,PROPER COLD HOLDING TEMPERATURES,24,0.024,0.6667,0.2,3.33,0.0758
Mobile food,38,"INSECTS, RODENTS, & ANIMALS NOT PRESENT",172,0.1722,0.4942,0.1524,3.24,0.4028
Mobile food,58,ALLERGEN TRAINING AS REQUIRED,6,0.006,0.6667,0.2085,3.2,0.019
Mobile food,3,"MANAGEMENT, FOOD EMPLOYEE AND CONDITIONAL EMPLOYEE; KNOWLEDGE, RESPONSIBILITIES AND REPORTING",183,0.1832,0.4809,0.1507,3.19,0.4171
Mobile food,64,MISCELLANEOUS / PUBLIC HEALTH ORDERS,3,0.003,0.6667,0.2098,3.18,0.0095
Mobile food,51,PLUMBING INSTALLED; PROPER BACKFLOW DEVICES,77,0.0771,0.5455,0.1833,2.98,0.1991
Mobile food,47,"FOOD & NON-FOOD CONTACT SURFACES CLEANABLE, PROPERLY DESIGNED, CONSTRUCTED & USED",99,0.0991,0.4949,0.18,2.75,0.2322
Mobile food,5,PROCEDURES FOR RESPONDING TO VOMITING AND DIARRHEAL EVENTS,149,0.1491,0.4564,0.1682,2.71,0.3223
Mobile food,39,"CONTAMINATION PREVENTED DURING FOOD PREPARATION, STORAGE & DISPLAY",38,0.038,0.5,0.1998,2.5,0.09
Mobile food,35,APPROVED THAWING METHODS USED,2,0.002,0.5,0.2106,2.37,0.0047
Mobile food,54,GARBAGE & REFUSE PROPERLY DISPOSED; FACILITIES MAINTAINED,43,0.043,0.4419,0.2008,2.2,0.09
Mobile food,43,IN-USE UTENSILS: PROPERLY STORED,5,0.005,0.4,0.2103,1.9,0.0095
Mobile food,55,"PHYSICAL FACILITIES INSTALLED, MAINTAINED & CLEAN",158,0.1582,0.3481,0.1855,1.88,0.2607
Mobile food,37,FOOD PROPERLY LABELED; ORIGINAL CONTAINER,186,0.1862,0.3226,0.1857,1.74,0.2844
Mobile food,49,NON-FOOD/FOOD CONTACT SURFACES CLEAN,98,0.0981,0.3265,0.1987,1.64,0.1517
Mobile food,57,ALL FOOD EMPLOYEES HAVE FOOD HANDLER TRAINING,51,0.0511,0.3333,0.2046,1.63,0.0806
Mobile food,56,ADEQUATE VENTILATION & LIGHTING; DESIGNATED AREAS USED,47,0.047,0.3191,0.2059,1.55,0.0711
Mobile food,41,WIPING CLOTHS: PROPERLY USED & STORED,7,0.007,0.2857,0.2107,1.36,0.0095
Mobile food,40,PERSONAL CLEANLINESS,4,0.004,0.25,0.2111,1.18,0.0047
Mobile food,44,"UTENSILS, EQUIPMENT & LINENS: PROPERLY STORED, DRIED, & HANDLED",4,0.004,0.25,0.2111,1.18,0.0047
Mobile food,45,SINGLE-USE/SINGLE-SERVICE ARTICLES: PROPERLY STORED & USED,9,0.009,0.1111,0.2121,0.52,0.0047
Mobile food,15,FOOD SEPARATED AND PROTECTED,1,0.001,0.0,0.2114,0.0,0.0
Mobile food,53,"TOILET FACILITIES: PROPERLY CONSTRUCTED, SUPPLIED, & CLEANED",1,0.001,0.0,0.2114,0.0,0.0
Mobile food,59,PREVIOUS PRIORITY FOUNDATION VIOLATION CORRECTED,1,0.001,0.0,0.2114,0.0,0.0
Other,38,"INSECTS, RODENTS, & ANIMALS NOT PRESENT",358,0.1723,0.6788,0.1209,5.61,0.5388
Other,15,FOOD SEPARATED AND PROTECTED,4,0.0019,1.0,0.2155,4.64,0.0089
Other,62,COMPLIANCE WITH CLEAN INDOOR AIR ORDINANCE,3,0.0014,1.0,0.2159,4.63,0.0067
Other,63,REMOVAL OF SUSPENSION SIGN,1,0.0005,1.0,0.2167,4.62,0.0022
Other,14,"REQUIRED RECORDS AVAILABLE: SHELLSTOCK TAGS, PARASITE DESTRUCTION",2,0.001,1.0,0.2163,4.62,0.0044
Other,13,"FOOD IN GOOD CONDITION, SAFE, & UNADULTERATED",1,0.0005,1.0,0.2167,4.62,0.0022
Other,59,PREVIOUS PRIORITY FOUNDATION VIOLATION CORRECTED,30,0.0144,0.9333,0.2065,4.52,0.0621
Other,48,"WAREWASHING FACILITIES: INSTALLED, MAINTAINED & USED; TEST STRIPS",183,0.0881,0.7486,0.1657,4.52,0.3038
Other,60,PREVIOUS CORE VIOLATION CORRECTED,42,0.0202,0.8571,0.2038,4.21,0.0798
Other,50,HOT & COLD WATER AVAILABLE; ADEQUATE PRESSURE,29,0.014,0.8276,0.2084,3.97,0.0532
Other,54,GARBAGE & REFUSE PROPERLY DISPOSED; FACILITIES MAINTAINED,91,0.0438,0.6703,0.1963,3.42,0.1353
Other,10,ADEQUATE HANDWASHING SINKS PROPERLY SUPPLIED AND ACCESSIBLE,385,0.1853,0.4779,0.1577,3.03,0.408
Other,61,SUMMARY REPORT DISPLAYED AND VISIBLE TO THE PUBLIC,25,0.012,0.64,0.2119,3.02,0.0355
Other,33,PROPER COOLING METHODS USED; ADEQUATE EQUIPMENT FOR TEMPERATURE CONTROL,47,0.0226,0.617,0.2078,2.97,0.0643
Other,52,SEWAGE & WASTE WATER PROPERLY DISPOSED,42,0.0202,0.619,0.2087,2.97,0.0576
Other,32,VARIANCE OBTAINED FOR SPECIALIZED PROCESSING METHODS,8,0.0038,0.625,0.2155,2.9,0.0111
Other,6,"PROPER EATING, TASTING, DRINKING, OR TOBACCO USE",5,0.0024,0.6,0.2161,2.78,0.0067
Other,16,FOOD-CONTACT SURFACES: CLEANED & SANITIZED,117,0.0563,0.5385,0.1979,2.72,0.1397
Other,29,COMPLIANCE WITH VARIANCE/SPECIALIZED PROCESS/HACCP,7,0.0034,0.5714,0.2158,2.65,0.0089
Other,1,"PERSON IN CHARGE PRESENT, DEMONSTRATES KNOWLEDGE, AND PERFORMS DUTIES",62,0.0298,0.5161,0.2078,2.48,0.071
Other,8,HANDS CLEAN & PROPERLY WASHED,15,0.0072,0.5333,0.2147,2.48,0.0177
Other,28,"TOXIC SUBSTANCES PROPERLY IDENTIFIED, STORED, & USED",8,0.0038,0.5,0.2159,2.32,0.0089
Other,39,"CONTAMINATION PREVENTED DURING FOOD PREPARATION, STORAGE & DISPLAY",129,0.0621,0.4651,0.2006,2.32,0.133
Other,11,FOOD OBTAINED FROM APPROVED SOURCE,2,0.001,0.5,0.2168,2.31,0.0022
Other,9,NO BARE HAND CONTACT WITH RTE FOOD OR A PRE-APPROVED ALTERNATIVE PROCEDURE PROPERLY ALLOWED,6,0.0029,0.5,0.2162,2.31,0.0067
Other,36,THERMOMETERS PROVIDED & ACCURATE,137,0.0659,0.4599,0.1999,2.3,0.1397
Other,2,CITY OF CHICAGO FOOD SERVICE SANITATION CERTIFICATE,151,0.0727,0.4503,0.1988,2.27,0.1508
Other,22,PROPER COLD HOLDING TEMPERATURES,44,0.0212,0.4773,0.2114,2.26,0.0466
Other,5,PROCEDURES FOR RESPONDING TO VOMITING AND DIARRHEAL EVENTS,373,0.1795,0.3995,0.1771,2.26,0.3304
Other,3,"MANAGEMENT, FOOD EMPLOYEE AND CONDITIONAL EMPLOYEE; KNOWLEDGE, RESPONSIBILITIES AND REPORTING",296,0.1424,0.3953,0.1874,2.11,0.2594
Other,57,ALL FOOD EMPLOYEES HAVE FOOD HANDLER TRAINING,177,0.0852,0.4124,0.1988,2.07,0.1619
Other,49,NON-FOOD/FOOD CONTACT SURFACES CLEAN,303,0.1458,0.3861,0.1882,2.05,0.2594
Other,21,PROPER HOT HOLDING TEMPERATURES,16,0.0077,0.4375,0.2153,2.03,0.0155
Other,44,"UTENSILS, EQUIPMENT & LINENS: PROPERLY STORED, DRIED, & HANDLED",46,0.0221,0.413,0.2126,1.94,0.0421
Other,23,PROPER DATE MARKING AND DISPOSITION,28,0.0135,0.3929,0.2146,1.83,0.0244
Other,64,MISCELLANEOUS / PUBLIC HEALTH ORDERS,8,0.0038,0.375,0.2164,1.73,0.0067
Other,37,FOOD PROPERLY LABELED; ORIGINAL CONTAINER,94,0.0452,0.3617,0.2102,1.72,0.0754
Other,53,"TOILET FACILITIES: PROPERLY CONSTRUCTED, SUPPLIED, & CLEANED",243,0.1169,0.3416,0.2005,1.7,0.184
Other,56,ADEQUATE VENTILATION & LIGHTING; DESIGNATED AREAS USED,245,0.1179,0.3388,0.2008,1.69,0.184
Other,43,IN-USE UTENSILS: PROPERLY STORED,25,0.012,0.36,0.2153,1.67,0.02
Other,41,WIPING CLOTHS: PROPERLY USED & STORED,46,0.0221,0.3478,0.2141,1.62,0.0355
Other,45,SINGLE-USE/SINGLE-SERVICE ARTICLES: PROPERLY STORED & USED,38,0.0183,0.3421,0.2147,1.59,0.0288
Other,51,PLUMBING INSTALLED; PROPER BACKFLOW DEVICES,325,0.1564,0.3138,0.1991,1.58,0.2262
Other,47,"FOOD & NON-FOOD CONTACT SURFACES CLEANABLE, PROPERLY DESIGNED, CONSTRUCTED & USED",251,0.1208,0.3147,0.2036,1.55,0.1752
Other,55,"PHYSICAL FACILITIES INSTALLED, MAINTAINED & CLEAN",735,0.3537,0.2803,0.1824,1.54,0.4568
Other,58,ALLERGEN TRAINING AS REQUIRED,128,0.0616,0.2813,0.2128,1.32,0.0798
Other,40,PERSONAL CLEANLINESS,47,0.0226,0.2128,0.2171,0.98,0.0222
Other,35,APPROVED THAWING METHODS USED,5,0.0024,0.2,0.2171,0.92,0.0022
Other,25,CONSUMER ADVISORY PROVIDED FOR RAW/UNDERCOOKED FOOD,15,0.0072,0.1333,0.2176,0.61,0.0044
Other,12,FOOD RECEIVED AT PROPER TEMPERATURE,3,0.0014,0.0,0.2173,0.0,0.0
Other,17,"PROPER DISPOSITION OF RETURNED, PREVIOUSLY SERVED, RECONDITIONED & UNSAFE FOOD",1,0.0005,0.0,0.2171,0.0,0.0
Restaurant,38,"INSECTS, RODENTS, & ANIMALS NOT PRESENT",13061,0.1578,0.6506,0.1444,4.51,0.4578
Restaurant,59,PREVIOUS PRIORITY FOUNDATION VIOLATION CORRECTED,1156,0.014,0.8832,0.215,4.11,0.055
Restaurant,60,PREVIOUS CORE VIOLATION CORRECTED,5451,0.0659,0.7307,0.1886,3.87,0.2146
Restaurant,48,"WAREWASHING FACILITIES: INSTALLED, MAINTAINED & USED; TEST STRIPS",5780,0.0698,0.66,0.1916,3.45,0.2055
Restaurant,50,HOT & COLD WATER AVAILABLE; ADEQUATE PRESSURE,829,0.01,0.7455,0.219,3.4,0.0333
Restaurant,13,"FOOD IN GOOD CONDITION, SAFE, & UNADULTERATED",128,0.0015,0.6641,0.2236,2.97,0.0046
Restaurant,54,GARBAGE & REFUSE PROPERLY DISPOSED; FACILITIES MAINTAINED,3862,0.0467,0.5981,0.206,2.9,0.1244
Restaurant,19,PROPER REHEATING PROCEDURES FOR HOT HOLDING,42,0.0005,0.619,0.2241,2.76,0.0014
Restaurant,62,COMPLIANCE WITH CLEAN INDOOR AIR ORDINANCE,138,0.0017,0.6087,0.2237,2.72,0.0045
Restaurant,46,GLOVES USED PROPERLY,239,0.0029,0.5649,0.2233,2.53,0.0073
Restaurant,15,FOOD SEPARATED AND PROTECTED,493,0.006,0.5598,0.2223,2.52,0.0149
Restaurant,10,ADEQUATE HANDWASHING SINKS PROPERLY SUPPLIED AND ACCESSIBLE,15170,0.1833,0.4413,0.1756,2.51,0.3607
Restaurant,52,SEWAGE & WASTE WATER PROPERLY DISPOSED,1618,0.0196,0.5451,0.2179,2.5,0.0475
Restaurant,16,FOOD-CONTACT SURFACES: CLEANED & SANITIZED,7379,0.0892,0.4868,0.1986,2.45,0.1935
Restaurant,33,PROPER COOLING METHODS USED; ADEQUATE EQUIPMENT FOR TEMPERATURE CONTROL,3601,0.0435,0.5118,0.2112,2.42,0.0993
Restaurant,25,CONSUMER ADVISORY PROVIDED FOR RAW/UNDERCOOKED FOOD,5688,0.0687,0.4873,0.2049,2.38,0.1493
Restaurant,21,PROPER HOT HOLDING TEMPERATURES,1084,0.0131,0.5166,0.2204,2.34,0.0302
Restaurant,8,HANDS CLEAN & PROPERLY WASHED,734,0.0089,0.515,0.2217,2.32,0.0204
Restaurant,1,"PERSON IN CHARGE PRESENT, DEMONSTRATES KNOWLEDGE, AND PERFORMS DUTIES",3872,0.0468,0.4837,0.2116,2.29,0.1009
Restaurant,2,CITY OF CHICAGO FOOD SERVICE SANITATION CERTIFICATE,8036,0.0971,0.4424,0.2009,2.2,0.1915
Restaurant,28,"TOXIC SUBSTANCES PROPERLY IDENTIFIED, STORED, & USED",377,0.0046,0.4881,0.2231,2.19,0.0099
Restaurant,22,PROPER COLD HOLDING TEMPERATURES,5565,0.0672,0.4537,0.2078,2.18,0.136
Restaurant,24,TIME AS A PUBLIC HEALTH CONTROL; PROCEDURES & RECORDS,74,0.0009,0.4865,0.2241,2.17,0.0019
Restaurant,61,SUMMARY REPORT DISPLAYED AND VISIBLE TO THE PUBLIC,1457,0.0176,0.4688,0.2199,2.13,0.0368
Restaurant,36,THERMOMETERS PROVIDED & ACCURATE,6633,0.0802,0.4365,0.2058,2.12,0.156
Restaurant,14,"REQUIRED RECORDS AVAILABLE: SHELLSTOCK TAGS, PARASITE DESTRUCTION",628,0.0076,0.4618,0.2225,2.08,0.0156
Restaurant,9,NO BARE HAND CONTACT WITH RTE FOOD OR A PRE-APPROVED ALTERNATIVE PROCEDURE PROPERLY ALLOWED,596,0.0072,0.4597,0.2226,2.07,0.0148
Restaurant,11,FOOD OBTAINED FROM APPROVED SOURCE,111,0.0013,0.4595,0.224,2.05,0.0027
Restaurant,29,COMPLIANCE WITH VARIANCE/SPECIALIZED PROCESS/HACCP,695,0.0084,0.4561,0.2223,2.05,0.0171
Restaurant,12,FOOD RECEIVED AT PROPER TEMPERATURE,9,0.0001,0.4444,0.2243,1.98,0.0002
Restaurant,20,PROPER COOLING TIME AND TEMPERATURE,108,0.0013,0.4444,0.224,1.98,0.0026
Restaurant,32,VARIANCE OBTAINED FOR SPECIALIZED PROCESSING METHODS,444,0.0054,0.4347,0.2232,1.95,0.0104
Restaurant,55,"PHYSICAL FACILITIES INSTALLED, MAINTAINED & CLEAN",39653,0.4792,0.2886,0.1652,1.75,0.6165
Restaurant,57,ALL FOOD EMPLOYEES HAVE FOOD HANDLER TRAINING,12397,0.1498,0.3495,0.2022,1.73,0.2334
Restaurant,49,NON-FOOD/FOOD CONTACT SURFACES CLEAN,21737,0.2627,0.3249,0.1885,1.72,0.3805
Restaurant,3,"MANAGEMENT, FOOD EMPLOYEE AND CONDITIONAL EMPLOYEE; KNOWLEDGE, RESPONSIBILITIES AND REPORTING",13671,0.1652,0.3422,0.201,1.7,0.252
Restaurant,39,"CONTAMINATION PREVENTED DURING FOOD PREPARATION, STORAGE & DISPLAY",8686,0.105,0.3522,0.2093,1.68,0.1648
Restaurant,64,MISCELLANEOUS / PUBLIC HEALTH ORDERS,599,0.0072,0.3756,0.2232,1.68,0.0121
Restaurant,45,SINGLE-USE/SINGLE-SERVICE ARTICLES: PROPERLY STORED & USED,3043,0.0368,0.3612,0.2191,1.65,0.0592
Restaurant,35,APPROVED THAWING METHODS USED,1004,0.0121,0.3635,0.2226,1.63,0.0197
Restaurant,5,PROCEDURES FOR RESPONDING TO VOMITING AND DIARRHEAL EVENTS,12688,0.1533,0.3316,0.2049,1.62,0.2266
Restaurant,41,WIPING CLOTHS: PROPERLY USED & STORED,6030,0.0729,0.3456,0.2148,1.61,0.1123
Restaurant,53,"TOILET FACILITIES: PROPERLY CONSTRUCTED, SUPPLIED, & CLEANED",10361,0.1252,0.3284,0.2094,1.57,0.1833
Restaurant,37,FOOD PROPERLY LABELED; ORIGINAL CONTAINER,11026,0.1332,0.326,0.2087,1.56,0.1937
Restaurant,51,PLUMBING INSTALLED; PROPER BACKFLOW DEVICES,18015,0.2177,0.3113,0.2001,1.56,0.3021
Restaurant,44,"UTENSILS, EQUIPMENT & LINENS: PROPERLY STORED, DRIED, & HANDLED",3569,0.0431,0.3393,0.2191,1.55,0.0652
Restaurant,56,ADEQUATE VENTILATION & LIGHTING; DESIGNATED AREAS USED,15753,0.1904,0.3121,0.2037,1.53,0.2649
Restaurant,6,"PROPER EATING, TASTING, DRINKING, OR TOBACCO USE",584,0.0071,0.339,0.2235,1.52,0.0107
Restaurant,23,PROPER DATE MARKING AND DISPOSITION,5594,0.0676,0.3282,0.2168,1.51,0.0989
Restaurant,40,PERSONAL CLEANLINESS,4530,0.0547,0.3267,0.2184,1.5,0.0797
Restaurant,42,WASHING FRUITS & VEGETABLES,12,0.0001,0.3333,0.2243,1.49,0.0002
Restaurant,18,PROPER COOKING TIME & TEMPERATURES,9,0.0001,0.3333,0.2243,1.49,0.0002
Restaurant,27,FOOD ADDITIVES: APPROVED AND PROPERLY USED,9,0.0001,0.3333,0.2243,1.49,0.0002
Restaurant,47,"FOOD & NON-FOOD CONTACT SURFACES CLEANABLE, PROPERLY DESIGNED, CONSTRUCTED & USED",23026,0.2782,0.2929,0.1979,1.48,0.3633
Restaurant,58,ALLERGEN TRAINING AS REQUIRED,19155,0.2315,0.2885,0.205,1.41,0.2978
Restaurant,43,IN-USE UTENSILS: PROPERLY STORED,3866,0.0467,0.2975,0.2207,1.35,0.062
Restaurant,4,PROPER USE OF RESTRICTION AND EXCLUSION,11,0.0001,0.2727,0.2243,1.22,0.0002
Restaurant,63,REMOVAL OF SUSPENSION SIGN,42,0.0005,0.2619,0.2243,1.17,0.0006
Restaurant,31,WATER & ICE FROM APPROVED SOURCE,12,0.0001,0.25,0.2243,1.11,0.0002
Restaurant,17,"PROPER DISPOSITION OF RETURNED, PREVIOUSLY SERVED, RECONDITIONED & UNSAFE FOOD",25,0.0003,0.2,0.2243,0.89,0.0003
Restaurant,7,"NO DISCHARGE FROM EYES, NOSE, AND MOUTH",16,0.0002,0.125,0.2243,0.56,0.0001
Restaurant,30,PASTEURIZED EGGS USED WHERE REQUIRED,16,0.0002,0.0625,0.2243,0.28,0.0001
Restaurant,34,PLANT FOOD PROPERLY COOKED FOR HOT HOLDING,3,0.0,0.0,0.2243,0.0,0.0
Restaurant,26,PASTEURIZED FOODS USED; PROHIBITED FOODS NOT OFFERED,3,0.0,0.0,0.2243,0.0,0.0
School,60,PREVIOUS CORE VIOLATION CORRECTED,269,0.03,0.9777,0.2278,4.29,0.1173
School,59,PREVIOUS PRIORITY FOUNDATION VIOLATION CORRECTED,295,0.0329,0.9254,0.2274,4.07,0.1217
School,10,ADEQUATE HANDWASHING SINKS PROPERLY SUPPLIED AND ACCESSIBLE,2496,0.2786,0.5244,0.1445,3.63,0.5836
School,50,HOT & COLD WATER AVAILABLE; ADEQUATE PRESSURE,129,0.0144,0.8682,0.2413,3.6,0.0499
School,38,"INSECTS, RODENTS, & ANIMALS NOT PRESENT",1533,0.1711,0.6151,0.1751,3.51,0.4204
School,54,GARBAGE & REFUSE PROPERLY DISPOSED; FACILITIES MAINTAINED,630,0.0703,0.7063,0.2159,3.27,0.1984
School,48,"WAREWASHING FACILITIES: INSTALLED, MAINTAINED & USED; TEST STRIPS",236,0.0263,0.6949,0.2383,2.92,0.0731
School,15,FOOD SEPARATED AND PROTECTED,6,0.0007,0.6667,0.2501,2.67,0.0018
School,17,"PROPER DISPOSITION OF RETURNED, PREVIOUSLY SERVED, RECONDITIONED & UNSAFE FOOD",3,0.0003,0.6667,0.2502,2.66,0.0009
School,12,FOOD RECEIVED AT PROPER TEMPERATURE,14,0.0016,0.6429,0.2497,2.57,0.004
School,8,HANDS CLEAN & PROPERLY WASHED,22,0.0025,0.6364,0.2494,2.55,0.0062
School,9,NO BARE HAND CONTACT WITH RTE FOOD OR A PRE-APPROVED ALTERNATIVE PROCEDURE PROPERLY ALLOWED,5,0.0006,0.6,0.2502,2.4,0.0013
School,19,PROPER REHEATING PROCEDURES FOR HOT HOLDING,5,0.0006,0.6,0.2502,2.4,0.0013
School,13,"FOOD IN GOOD CONDITION, SAFE, & UNADULTERATED",7,0.0008,0.5714,0.2501,2.28,0.0018
School,52,SEWAGE & WASTE WATER PROPERLY DISPOSED,110,0.0123,0.5545,0.2466,2.25,0.0272
School,62,COMPLIANCE WITH CLEAN INDOOR AIR ORDINANCE,2,0.0002,0.5,0.2503,2.0,0.0004
School,25,CONSUMER ADVISORY PROVIDED FOR RAW/UNDERCOOKED FOOD,2,0.0002,0.5,0.2503,2.0,0.0004
School,46,GLOVES USED PROPERLY,4,0.0004,0.5,0.2503,2.0,0.0009
School,45,SINGLE-USE/SINGLE-SERVICE ARTICLES: PROPERLY STORED & USED,87,0.0097,0.4943,0.248,1.99,0.0192
School,1,"PERSON IN CHARGE PRESENT, DEMONSTRATES KNOWLEDGE, AND PERFORMS DUTIES",239,0.0267,0.4686,0.2444,1.92,0.0499
School,33,PROPER COOLING METHODS USED; ADEQUATE EQUIPMENT FOR TEMPERATURE CONTROL,126,0.0141,0.4603,0.2474,1.86,0.0259
School,28,"TOXIC SUBSTANCES PROPERLY IDENTIFIED, STORED, & USED",22,0.0025,0.4545,0.2499,1.82,0.0045
School,16,FOOD-CONTACT SURFACES: CLEANED & SANITIZED,155,0.0173,0.4452,0.2469,1.8,0.0308
School,22,PROPER COLD HOLDING TEMPERATURES,146,0.0163,0.4384,0.2472,1.77,0.0285
School,43,IN-USE UTENSILS: PROPERLY STORED,46,0.0051,0.4348,0.2494,1.74,0.0089
School,21,PROPER HOT HOLDING TEMPERATURES,47,0.0052,0.4255,0.2494,1.71,0.0089
School,39,"CONTAMINATION PREVENTED DURING FOOD PREPARATION, STORAGE & DISPLAY",264,0.0295,0.4015,0.2458,1.63,0.0473
School,2,CITY OF CHICAGO FOOD SERVICE SANITATION CERTIFICATE,507,0.0566,0.3925,0.2418,1.62,0.0887
School,44,"UTENSILS, EQUIPMENT & LINENS: PROPERLY STORED, DRIED, & HANDLED",120,0.0134,0.3917,0.2484,1.58,0.021
School,49,NON-FOOD/FOOD CONTACT SURFACES CLEAN,859,0.0959,0.3725,0.2374,1.57,0.1427
School,36,THERMOMETERS PROVIDED & ACCURATE,240,0.0268,0.3833,0.2467,1.55,0.041
School,55,"PHYSICAL FACILITIES INSTALLED, MAINTAINED & CLEAN",3705,0.4136,0.3107,0.2078,1.49,0.5132
School,57,ALL FOOD EMPLOYEES HAVE FOOD HANDLER TRAINING,239,0.0267,0.364,0.2472,1.47,0.0388
School,53,"TOILET FACILITIES: PROPERLY CONSTRUCTED, SUPPLIED, & CLEANED",1642,0.1833,0.335,0.2314,1.45,0.2452
School,56,ADEQUATE VENTILATION & LIGHTING; DESIGNATED AREAS USED,1207,0.1347,0.3413,0.2362,1.45,0.1837
School,5,PROCEDURES FOR RESPONDING TO VOMITING AND DIARRHEAL EVENTS,673,0.0751,0.3522,0.2421,1.45,0.1057
School,61,SUMMARY REPORT DISPLAYED AND VISIBLE TO THE PUBLIC,31,0.0035,0.3548,0.25,1.42,0.0049
School,51,PLUMBING INSTALLED; PROPER BACKFLOW DEVICES,2151,0.2401,0.3212,0.228,1.41,0.3081
School,37,FOOD PROPERLY LABELED; ORIGINAL CONTAINER,123,0.0137,0.3496,0.249,1.4,0.0192
School,47,"FOOD & NON-FOOD CONTACT SURFACES CLEANABLE, PROPERLY DESIGNED, CONSTRUCTED & USED",1239,0.1383,0.322,0.2389,1.35,0.1779
School,3,"MANAGEMENT, FOOD EMPLOYEE AND CONDITIONAL EMPLOYEE; KNOWLEDGE, RESPONSIBILITIES AND REPORTING",287,0.032,0.3275,0.2478,1.32,0.0419
School,23,PROPER DATE MARKING AND DISPOSITION,55,0.0061,0.2909,0.2501,1.16,0.0071
School,6,"PROPER EATING, TASTING, DRINKING, OR TOBACCO USE",14,0.0016,0.2857,0.2503,1.14,0.0018
School,41,WIPING CLOTHS: PROPERLY USED & STORED,68,0.0076,0.2647,0.2503,1.06,0.008
School,58,ALLERGEN TRAINING AS REQUIRED,21,0.0023,0.2381,0.2504,0.95,0.0022
School,40,PERSONAL CLEANLINESS,94,0.0105,0.2021,0.2509,0.81,0.0085
School,35,APPROVED THAWING METHODS USED,26,0.0029,0.1923,0.2505,0.77,0.0022
School,42,WASHING FRUITS & VEGETABLES,2,0.0002,0.0,0.2504,0.0,0.0
School,32,VARIANCE OBTAINED FOR SPECIALIZED PROCESSING METHODS,1,0.0001,0.0,0.2504,0.0,0.0
School,30,PASTEURIZED EGGS USED WHERE REQUIRED,1,0.0001,0.0,0.2504,0.0,0.0
School,29,COMPLIANCE WITH VARIANCE/SPECIALIZED PROCESS/HACCP,1,0.0001,0.0,0.2504,0.0,0.0
School,20,PROPER COOLING TIME AND TEMPERATURE,1,0.0001,0.0,0.2504,0.0,0.0
School,64,MISCELLANEOUS / PUBLIC HEALTH ORDERS,3,0.0003,0.0,0.2504,0.0,0.0
Unknown,48,"WAREWASHING FACILITIES: INSTALLED, MAINTAINED & USED; TEST STRIPS",12,0.0851,0.9167,0.2016,4.55,0.2973
Unknown,16,FOOD-CONTACT SURFACES: CLEANED & SANITIZED,5,0.0355,1.0,0.2353,4.25,0.1351
Unknown,54,GARBAGE & REFUSE PROPERLY DISPOSED; FACILITIES MAINTAINED,10,0.0709,0.9,0.2137,4.21,0.2432
Unknown,59,PREVIOUS PRIORITY FOUNDATION VIOLATION CORRECTED,3,0.0213,1.0,0.2464,4.06,0.0811
Unknown,50,HOT & COLD WATER AVAILABLE; ADEQUATE PRESSURE,3,0.0213,1.0,0.2464,4.06,0.0811
Unknown,45,SINGLE-USE/SINGLE-SERVICE ARTICLES: PROPERLY STORED & USED,2,0.0142,1.0,0.2518,3.97,0.0541
Unknown,52,SEWAGE & WASTE WATER PROPERLY DISPOSED,2,0.0142,1.0,0.2518,3.97,0.0541
Unknown,10,ADEQUATE HANDWASHING SINKS PROPERLY SUPPLIED AND ACCESSIBLE,21,0.1489,0.7143,0.1833,3.9,0.4054
Unknown,31,WATER & ICE FROM APPROVED SOURCE,1,0.0071,1.0,0.2571,3.89,0.027
Unknown,15,FOOD SEPARATED AND PROTECTED,1,0.0071,1.0,0.2571,3.89,0.027
Unknown,13,"FOOD IN GOOD CONDITION, SAFE, & UNADULTERATED",1,0.0071,1.0,0.2571,3.89,0.027
Unknown,44,"UTENSILS, EQUIPMENT & LINENS: PROPERLY STORED, DRIED, & HANDLED",1,0.0071,1.0,0.2571,3.89,0.027
Unknown,38,"INSECTS, RODENTS, & ANIMALS NOT PRESENT",25,0.1773,0.64,0.181,3.54,0.4324
Unknown,33,PROPER COOLING METHODS USED; ADEQUATE EQUIPMENT FOR TEMPERATURE CONTROL,6,0.0426,0.8333,0.237,3.52,0.1351
Unknown,25,CONSUMER ADVISORY PROVIDED FOR RAW/UNDERCOOKED FOOD,6,0.0426,0.8333,0.237,3.52,0.1351
Unknown,22,PROPER COLD HOLDING TEMPERATURES,4,0.0284,0.75,0.2482,3.02,0.0811
Unknown,1,"PERSON IN CHARGE PRESENT, DEMONSTRATES KNOWLEDGE, AND PERFORMS DUTIES",4,0.0284,0.75,0.2482,3.02,0.0811
Unknown,61,SUMMARY REPORT DISPLAYED AND VISIBLE TO THE PUBLIC,4,0.0284,0.75,0.2482,3.02,0.0811
Unknown,60,PREVIOUS CORE VIOLATION CORRECTED,4,0.0284,0.75,0.2482,3.02,0.0811
Unknown,2,CITY OF CHICAGO FOOD SERVICE SANITATION CERTIFICATE,9,0.0638,0.6667,0.2348,2.84,0.1622
Unknown,23,PROPER DATE MARKING AND DISPOSITION,6,0.0426,0.6667,0.2444,2.73,0.1081
Unknown,40,PERSONAL CLEANLINESS,6,0.0426,0.6667,0.2444,2.73,0.1081
Unknown,51,PLUMBING INSTALLED; PROPER BACKFLOW DEVICES,17,0.1206,0.5882,0.2177,2.7,0.2703
Unknown,55,"PHYSICAL FACILITIES INSTALLED, MAINTAINED & CLEAN",43,0.305,0.4419,0.1837,2.41,0.5135
Unknown,56,ADEQUATE VENTILATION & LIGHTING; DESIGNATED AREAS USED,15,0.1064,0.5333,0.2302,2.32,0.2162
Unknown,49,NON-FOOD/FOOD CONTACT SURFACES CLEAN,22,0.156,0.5,0.2185,2.29,0.2973
Unknown,47,"FOOD & NON-FOOD CONTACT SURFACES CLEANABLE, PROPERLY DESIGNED, CONSTRUCTED & USED",19,0.1348,0.4737,0.2295,2.06,0.2432
Unknown,37,FOOD PROPERLY LABELED; ORIGINAL CONTAINER,15,0.1064,0.4667,0.2381,1.96,0.1892
Unknown,53,"TOILET FACILITIES: PROPERLY CONSTRUCTED, SUPPLIED, & CLEANED",11,0.078,0.4545,0.2462,1.85,0.1351
Unknown,5,PROCEDURES FOR RESPONDING TO VOMITING AND DIARRHEAL EVENTS,31,0.2199,0.3871,0.2273,1.7,0.3243
Unknown,36,THERMOMETERS PROVIDED & ACCURATE,10,0.0709,0.4,0.2519,1.59,0.1081
Unknown,39,"CONTAMINATION PREVENTED DURING FOOD PREPARATION, STORAGE & DISPLAY",13,0.0922,0.3846,0.25,1.54,0.1351
Unknown,57,ALL FOOD EMPLOYEES HAVE FOOD HANDLER TRAINING,14,0.0993,0.3571,0.252,1.42,0.1351
Unknown,58,ALLERGEN TRAINING AS REQUIRED,24,0.1702,0.3333,0.2479,1.34,0.2162
Unknown,3,"MANAGEMENT, FOOD EMPLOYEE AND CONDITIONAL EMPLOYEE; KNOWLEDGE, RESPONSIBILITIES AND REPORTING",23,0.1631,0.3043,0.2542,1.2,0.1892
Unknown,41,WIPING CLOTHS: PROPERLY USED & STORED,4,0.0284,0.25,0.2628,0.95,0.027
Unknown,62,COMPLIANCE WITH CLEAN INDOOR AIR ORDINANCE,1,0.0071,0.0,0.2643,0.0,0.0
Unknown,43,IN-USE UTENSILS: PROPERLY STORED,3,0.0213,0.0,0.2681,0.0,0.0
Unknown,35,APPROVED THAWING METHODS USED,2,0.0142,0.0,0.2662,0.0,0.0
